{
    "confidence_score": 0.6557048559188843,
    "ptm": 0.6693445444107056,
    "iptm": 0.3531847596168518,
    "ligand_iptm": 0.0,
    "protein_iptm": 0.3531847596168518,
    "complex_plddt": 0.7313348650932312,
    "complex_iplddt": 0.7625908851623535,
    "complex_pde": 1.1414207220077515,
    "complex_ipde": 8.746826171875,
    "chains_ptm": {
        "0": 0.9847460985183716,
        "1": 0.9858596324920654,
        "2": 0.8660932779312134
    },
    "pair_chains_iptm": {
        "0": {
            "0": 0.9847460985183716,
            "1": 0.9271284937858582,
            "2": 0.23117797076702118
        },
        "1": {
            "0": 0.9255191087722778,
            "1": 0.9858596324920654,
            "2": 0.23732107877731323
        },
        "2": {
            "0": 0.21858316659927368,
            "1": 0.22478818893432617,
            "2": 0.8660932779312134
        }
    }
}