{
    "confidence_score": 0.6789184808731079,
    "ptm": 0.7094106674194336,
    "iptm": 0.42228561639785767,
    "ligand_iptm": 0.0,
    "protein_iptm": 0.42228561639785767,
    "complex_plddt": 0.7430766820907593,
    "complex_iplddt": 0.7737593650817871,
    "complex_pde": 1.0546891689300537,
    "complex_ipde": 6.975686550140381,
    "chains_ptm": {
        "0": 0.986425518989563,
        "1": 0.9861682057380676,
        "2": 0.8733224272727966
    },
    "pair_chains_iptm": {
        "0": {
            "0": 0.986425518989563,
            "1": 0.9421430826187134,
            "2": 0.35472333431243896
        },
        "1": {
            "0": 0.9362388849258423,
            "1": 0.9861682057380676,
            "2": 0.36607158184051514
        },
        "2": {
            "0": 0.29501447081565857,
            "1": 0.30606159567832947,
            "2": 0.8733224272727966
        }
    }
}