{
    "confidence_score": 0.6851229667663574,
    "ptm": 0.7442405223846436,
    "iptm": 0.44782182574272156,
    "ligand_iptm": 0.0,
    "protein_iptm": 0.44782182574272156,
    "complex_plddt": 0.7444482445716858,
    "complex_iplddt": 0.7818747758865356,
    "complex_pde": 0.915447473526001,
    "complex_ipde": 6.194133758544922,
    "chains_ptm": {
        "0": 0.9876582622528076,
        "1": 0.987011730670929,
        "2": 0.8954926133155823
    },
    "pair_chains_iptm": {
        "0": {
            "0": 0.9876582622528076,
            "1": 0.9429579973220825,
            "2": 0.4184345006942749
        },
        "1": {
            "0": 0.9396422505378723,
            "1": 0.987011730670929,
            "2": 0.42436760663986206
        },
        "2": {
            "0": 0.33086028695106506,
            "1": 0.33545762300491333,
            "2": 0.8954926133155823
        }
    }
}