{
    "confidence_score": 0.7012037634849548,
    "ptm": 0.775117814540863,
    "iptm": 0.45946887135505676,
    "ligand_iptm": 0.0,
    "protein_iptm": 0.45946887135505676,
    "complex_plddt": 0.7616375088691711,
    "complex_iplddt": 0.8070788979530334,
    "complex_pde": 0.7111287117004395,
    "complex_ipde": 6.039520263671875,
    "chains_ptm": {
        "0": 0.9851976037025452,
        "1": 0.984851062297821,
        "2": 0.9360840916633606
    },
    "pair_chains_iptm": {
        "0": {
            "0": 0.9851976037025452,
            "1": 0.9369243383407593,
            "2": 0.4224373996257782
        },
        "1": {
            "0": 0.9318232536315918,
            "1": 0.984851062297821,
            "2": 0.4288664162158966
        },
        "2": {
            "0": 0.3360556960105896,
            "1": 0.3533731997013092,
            "2": 0.9360840916633606
        }
    }
}