{
    "confidence_score": 0.6649771928787231,
    "ptm": 0.6112037301063538,
    "iptm": 0.36469173431396484,
    "ligand_iptm": 0.0,
    "protein_iptm": 0.36469173431396484,
    "complex_plddt": 0.7400485277175903,
    "complex_iplddt": 0.7556279897689819,
    "complex_pde": 1.60191011428833,
    "complex_ipde": 8.613361358642578,
    "chains_ptm": {
        "0": 0.9810007214546204,
        "1": 0.983059823513031,
        "2": 0.7686148881912231
    },
    "pair_chains_iptm": {
        "0": {
            "0": 0.9810007214546204,
            "1": 0.9220609068870544,
            "2": 0.25441133975982666
        },
        "1": {
            "0": 0.9213296175003052,
            "1": 0.983059823513031,
            "2": 0.2670576870441437
        },
        "2": {
            "0": 0.23009492456912994,
            "1": 0.2395710051059723,
            "2": 0.7686148881912231
        }
    }
}