{
    "confidence_score": 0.6680886745452881,
    "ptm": 0.7044550180435181,
    "iptm": 0.3663790225982666,
    "ligand_iptm": 0.0,
    "protein_iptm": 0.3663790225982666,
    "complex_plddt": 0.7435160875320435,
    "complex_iplddt": 0.7766971588134766,
    "complex_pde": 0.9487665295600891,
    "complex_ipde": 8.197966575622559,
    "chains_ptm": {
        "0": 0.9833654165267944,
        "1": 0.9839978218078613,
        "2": 0.9030861258506775
    },
    "pair_chains_iptm": {
        "0": {
            "0": 0.9833654165267944,
            "1": 0.9246169328689575,
            "2": 0.27214372158050537
        },
        "1": {
            "0": 0.9215647578239441,
            "1": 0.9839978218078613,
            "2": 0.2716505527496338
        },
        "2": {
            "0": 0.23591183125972748,
            "1": 0.24162572622299194,
            "2": 0.9030861258506775
        }
    }
}