{
    "confidence_score": 0.6823589205741882,
    "ptm": 0.7111115455627441,
    "iptm": 0.4471987187862396,
    "ligand_iptm": 0.0,
    "protein_iptm": 0.4471987187862396,
    "complex_plddt": 0.7411489486694336,
    "complex_iplddt": 0.7789633870124817,
    "complex_pde": 1.09481942653656,
    "complex_ipde": 6.241710662841797,
    "chains_ptm": {
        "0": 0.9851898550987244,
        "1": 0.9865019917488098,
        "2": 0.8456007838249207
    },
    "pair_chains_iptm": {
        "0": {
            "0": 0.9851898550987244,
            "1": 0.9393855333328247,
            "2": 0.4267158806324005
        },
        "1": {
            "0": 0.9385981559753418,
            "1": 0.9865019917488098,
            "2": 0.42197367548942566
        },
        "2": {
            "0": 0.33223187923431396,
            "1": 0.3364763855934143,
            "2": 0.8456007838249207
        }
    }
}