{
    "confidence_score": 0.6858211755752563,
    "ptm": 0.7450476884841919,
    "iptm": 0.4422210454940796,
    "ligand_iptm": 0.0,
    "protein_iptm": 0.4422210454940796,
    "complex_plddt": 0.7467212080955505,
    "complex_iplddt": 0.7790505290031433,
    "complex_pde": 0.8767073750495911,
    "complex_ipde": 6.380141735076904,
    "chains_ptm": {
        "0": 0.9846688508987427,
        "1": 0.9862067699432373,
        "2": 0.9006686806678772
    },
    "pair_chains_iptm": {
        "0": {
            "0": 0.9846688508987427,
            "1": 0.9361072778701782,
            "2": 0.40423277020454407
        },
        "1": {
            "0": 0.9365150332450867,
            "1": 0.9862067699432373,
            "2": 0.3946589529514313
        },
        "2": {
            "0": 0.3289816379547119,
            "1": 0.3317610025405884,
            "2": 0.9006686806678772
        }
    }
}