{
    "confidence_score": 0.6656085252761841,
    "ptm": 0.6620146632194519,
    "iptm": 0.3650251030921936,
    "ligand_iptm": 0.0,
    "protein_iptm": 0.3650251030921936,
    "complex_plddt": 0.7407543659210205,
    "complex_iplddt": 0.7835606336593628,
    "complex_pde": 1.2398998737335205,
    "complex_ipde": 8.275376319885254,
    "chains_ptm": {
        "0": 0.9831997156143188,
        "1": 0.9856078624725342,
        "2": 0.844498336315155
    },
    "pair_chains_iptm": {
        "0": {
            "0": 0.9831997156143188,
            "1": 0.9298117160797119,
            "2": 0.2644651532173157
        },
        "1": {
            "0": 0.9306183457374573,
            "1": 0.9856078624725342,
            "2": 0.26905399560928345
        },
        "2": {
            "0": 0.2377387285232544,
            "1": 0.23705393075942993,
            "2": 0.844498336315155
        }
    }
}