{
    "confidence_score": 0.68931645154953,
    "ptm": 0.7151066064834595,
    "iptm": 0.4182036221027374,
    "ligand_iptm": 0.0,
    "protein_iptm": 0.4182036221027374,
    "complex_plddt": 0.7570946216583252,
    "complex_iplddt": 0.777468204498291,
    "complex_pde": 1.0189942121505737,
    "complex_ipde": 7.362144947052002,
    "chains_ptm": {
        "0": 0.9827128648757935,
        "1": 0.9846285581588745,
        "2": 0.8807564377784729
    },
    "pair_chains_iptm": {
        "0": {
            "0": 0.9827128648757935,
            "1": 0.9304544925689697,
            "2": 0.3483560383319855
        },
        "1": {
            "0": 0.9283918142318726,
            "1": 0.9846285581588745,
            "2": 0.35674750804901123
        },
        "2": {
            "0": 0.2943738102912903,
            "1": 0.3037128746509552,
            "2": 0.8807564377784729
        }
    }
}