{
    "confidence_score": 0.7245504260063171,
    "ptm": 0.7452043294906616,
    "iptm": 0.6031492352485657,
    "ligand_iptm": 0.0,
    "protein_iptm": 0.6031492352485657,
    "complex_plddt": 0.7549007534980774,
    "complex_iplddt": 0.8058143258094788,
    "complex_pde": 1.175675868988037,
    "complex_ipde": 4.605489253997803,
    "chains_ptm": {
        "0": 0.9873260855674744,
        "1": 0.9873591065406799,
        "2": 0.8239407539367676
    },
    "pair_chains_iptm": {
        "0": {
            "0": 0.9873260855674744,
            "1": 0.9524677991867065,
            "2": 0.6089731454849243
        },
        "1": {
            "0": 0.9476144909858704,
            "1": 0.9873591065406799,
            "2": 0.5967957973480225
        },
        "2": {
            "0": 0.4408971071243286,
            "1": 0.4456283152103424,
            "2": 0.8239407539367676
        }
    }
}