{
    "confidence_score": 0.6812569499015808,
    "ptm": 0.7328373193740845,
    "iptm": 0.46153879165649414,
    "ligand_iptm": 0.0,
    "protein_iptm": 0.46153879165649414,
    "complex_plddt": 0.7361865043640137,
    "complex_iplddt": 0.7739603519439697,
    "complex_pde": 1.0285420417785645,
    "complex_ipde": 5.914099216461182,
    "chains_ptm": {
        "0": 0.9856044054031372,
        "1": 0.9860278964042664,
        "2": 0.8642433881759644
    },
    "pair_chains_iptm": {
        "0": {
            "0": 0.9856044054031372,
            "1": 0.9400135278701782,
            "2": 0.45598211884498596
        },
        "1": {
            "0": 0.9356866478919983,
            "1": 0.9860278964042664,
            "2": 0.4470403790473938
        },
        "2": {
            "0": 0.35311809182167053,
            "1": 0.3535587787628174,
            "2": 0.8642433881759644
        }
    }
}