{
    "confidence_score": 0.673882246017456,
    "ptm": 0.6818693280220032,
    "iptm": 0.42718127369880676,
    "ligand_iptm": 0.0,
    "protein_iptm": 0.42718127369880676,
    "complex_plddt": 0.735557496547699,
    "complex_iplddt": 0.7765563130378723,
    "complex_pde": 1.221868872642517,
    "complex_ipde": 6.897386074066162,
    "chains_ptm": {
        "0": 0.9838094711303711,
        "1": 0.986307680606842,
        "2": 0.8299859166145325
    },
    "pair_chains_iptm": {
        "0": {
            "0": 0.9838094711303711,
            "1": 0.9394280314445496,
            "2": 0.3753036558628082
        },
        "1": {
            "0": 0.9357250332832336,
            "1": 0.986307680606842,
            "2": 0.36738458275794983
        },
        "2": {
            "0": 0.30726826190948486,
            "1": 0.3124566674232483,
            "2": 0.8299859166145325
        }
    }
}