{
    "confidence_score": 0.6659035086631775,
    "ptm": 0.6663798093795776,
    "iptm": 0.33619770407676697,
    "ligand_iptm": 0.0,
    "protein_iptm": 0.33619770407676697,
    "complex_plddt": 0.7483299970626831,
    "complex_iplddt": 0.7843115329742432,
    "complex_pde": 1.1268059015274048,
    "complex_ipde": 8.673913955688477,
    "chains_ptm": {
        "0": 0.983442485332489,
        "1": 0.9853397607803345,
        "2": 0.8682806491851807
    },
    "pair_chains_iptm": {
        "0": {
            "0": 0.983442485332489,
            "1": 0.9299876093864441,
            "2": 0.2202633023262024
        },
        "1": {
            "0": 0.9298079609870911,
            "1": 0.9853397607803345,
            "2": 0.21749456226825714
        },
        "2": {
            "0": 0.20131148397922516,
            "1": 0.20336313545703888,
            "2": 0.8682806491851807
        }
    }
}