{
    "confidence_score": 0.6638063788414001,
    "ptm": 0.6555087566375732,
    "iptm": 0.38334906101226807,
    "ligand_iptm": 0.0,
    "protein_iptm": 0.38334906101226807,
    "complex_plddt": 0.733920693397522,
    "complex_iplddt": 0.7778893709182739,
    "complex_pde": 1.3265905380249023,
    "complex_ipde": 7.330375671386719,
    "chains_ptm": {
        "0": 0.9849799275398254,
        "1": 0.9859758615493774,
        "2": 0.8080655932426453
    },
    "pair_chains_iptm": {
        "0": {
            "0": 0.9849799275398254,
            "1": 0.9371951222419739,
            "2": 0.32659998536109924
        },
        "1": {
            "0": 0.9365574717521667,
            "1": 0.9859758615493774,
            "2": 0.3263298273086548
        },
        "2": {
            "0": 0.2586623430252075,
            "1": 0.2611565589904785,
            "2": 0.8080655932426453
        }
    }
}