{
    "confidence_score": 0.6633517742156982,
    "ptm": 0.6315116882324219,
    "iptm": 0.3298596739768982,
    "ligand_iptm": 0.0,
    "protein_iptm": 0.3298596739768982,
    "complex_plddt": 0.7467247843742371,
    "complex_iplddt": 0.7827851176261902,
    "complex_pde": 1.335384726524353,
    "complex_ipde": 8.749253273010254,
    "chains_ptm": {
        "0": 0.9816166162490845,
        "1": 0.9837943911552429,
        "2": 0.8228903412818909
    },
    "pair_chains_iptm": {
        "0": {
            "0": 0.9816166162490845,
            "1": 0.9227015376091003,
            "2": 0.2073177844285965
        },
        "1": {
            "0": 0.9230335354804993,
            "1": 0.9837943911552429,
            "2": 0.21158429980278015
        },
        "2": {
            "0": 0.19670887291431427,
            "1": 0.1972000151872635,
            "2": 0.8228903412818909
        }
    }
}