{
    "confidence_score": 0.6822568774223328,
    "ptm": 0.7333164215087891,
    "iptm": 0.42952126264572144,
    "ligand_iptm": 0.0,
    "protein_iptm": 0.42952126264572144,
    "complex_plddt": 0.7454407811164856,
    "complex_iplddt": 0.776203989982605,
    "complex_pde": 0.9428183436393738,
    "complex_ipde": 6.5362114906311035,
    "chains_ptm": {
        "0": 0.9851282238960266,
        "1": 0.9861152172088623,
        "2": 0.887142539024353
    },
    "pair_chains_iptm": {
        "0": {
            "0": 0.9851282238960266,
            "1": 0.9332160353660583,
            "2": 0.39784157276153564
        },
        "1": {
            "0": 0.9349088668823242,
            "1": 0.9861152172088623,
            "2": 0.39216846227645874
        },
        "2": {
            "0": 0.3185153305530548,
            "1": 0.3165076673030853,
            "2": 0.887142539024353
        }
    }
}