{
    "confidence_score": 0.653986394405365,
    "ptm": 0.6362367868423462,
    "iptm": 0.3274400532245636,
    "ligand_iptm": 0.0,
    "protein_iptm": 0.3274400532245636,
    "complex_plddt": 0.7356230020523071,
    "complex_iplddt": 0.7761396169662476,
    "complex_pde": 1.2134606838226318,
    "complex_ipde": 9.166122436523438,
    "chains_ptm": {
        "0": 0.9856575727462769,
        "1": 0.9868086576461792,
        "2": 0.8368179798126221
    },
    "pair_chains_iptm": {
        "0": {
            "0": 0.9856575727462769,
            "1": 0.9331480264663696,
            "2": 0.19660156965255737
        },
        "1": {
            "0": 0.9336761236190796,
            "1": 0.9868086576461792,
            "2": 0.18679624795913696
        },
        "2": {
            "0": 0.19326283037662506,
            "1": 0.19436801970005035,
            "2": 0.8368179798126221
        }
    }
}