{
    "confidence_score": 0.6660729646682739,
    "ptm": 0.6742214560508728,
    "iptm": 0.336870014667511,
    "ligand_iptm": 0.0,
    "protein_iptm": 0.336870014667511,
    "complex_plddt": 0.7483736872673035,
    "complex_iplddt": 0.775974690914154,
    "complex_pde": 1.0768065452575684,
    "complex_ipde": 8.692343711853027,
    "chains_ptm": {
        "0": 0.9837862253189087,
        "1": 0.9853208661079407,
        "2": 0.8817296028137207
    },
    "pair_chains_iptm": {
        "0": {
            "0": 0.9837862253189087,
            "1": 0.9274579882621765,
            "2": 0.214328795671463
        },
        "1": {
            "0": 0.9226717352867126,
            "1": 0.9853208661079407,
            "2": 0.21767202019691467
        },
        "2": {
            "0": 0.2035643756389618,
            "1": 0.20653478801250458,
            "2": 0.8817296028137207
        }
    }
}