{
    "confidence_score": 0.669903576374054,
    "ptm": 0.6947659254074097,
    "iptm": 0.3678933084011078,
    "ligand_iptm": 0.0,
    "protein_iptm": 0.3678933084011078,
    "complex_plddt": 0.7454061508178711,
    "complex_iplddt": 0.7820197939872742,
    "complex_pde": 1.0375109910964966,
    "complex_ipde": 7.797051429748535,
    "chains_ptm": {
        "0": 0.9833784103393555,
        "1": 0.9844105839729309,
        "2": 0.8813562393188477
    },
    "pair_chains_iptm": {
        "0": {
            "0": 0.9833784103393555,
            "1": 0.9328274726867676,
            "2": 0.2857581377029419
        },
        "1": {
            "0": 0.9259989857673645,
            "1": 0.9844105839729309,
            "2": 0.28415465354919434
        },
        "2": {
            "0": 0.23881621658802032,
            "1": 0.24466586112976074,
            "2": 0.8813562393188477
        }
    }
}