{
    "confidence_score": 0.6524903178215027,
    "ptm": 0.6324169039726257,
    "iptm": 0.3120083808898926,
    "ligand_iptm": 0.0,
    "protein_iptm": 0.3120083808898926,
    "complex_plddt": 0.7376107573509216,
    "complex_iplddt": 0.7640417814254761,
    "complex_pde": 1.29130220413208,
    "complex_ipde": 9.375057220458984,
    "chains_ptm": {
        "0": 0.9794591665267944,
        "1": 0.9826833009719849,
        "2": 0.834761381149292
    },
    "pair_chains_iptm": {
        "0": {
            "0": 0.9794591665267944,
            "1": 0.9158628582954407,
            "2": 0.17742522060871124
        },
        "1": {
            "0": 0.9130379557609558,
            "1": 0.9826833009719849,
            "2": 0.18135665357112885
        },
        "2": {
            "0": 0.17477703094482422,
            "1": 0.17826583981513977,
            "2": 0.834761381149292
        }
    }
}