{
    "confidence_score": 0.660291314125061,
    "ptm": 0.6839048862457275,
    "iptm": 0.3228440284729004,
    "ligand_iptm": 0.0,
    "protein_iptm": 0.3228440284729004,
    "complex_plddt": 0.7446531057357788,
    "complex_iplddt": 0.7773277163505554,
    "complex_pde": 1.0091054439544678,
    "complex_ipde": 8.80179214477539,
    "chains_ptm": {
        "0": 0.9835198521614075,
        "1": 0.9829462766647339,
        "2": 0.9003955125808716
    },
    "pair_chains_iptm": {
        "0": {
            "0": 0.9835198521614075,
            "1": 0.9280198812484741,
            "2": 0.19716748595237732
        },
        "1": {
            "0": 0.9235031604766846,
            "1": 0.9829462766647339,
            "2": 0.20004139840602875
        },
        "2": {
            "0": 0.1870650351047516,
            "1": 0.19058960676193237,
            "2": 0.9003955125808716
        }
    }
}