{
    "confidence_score": 0.6712636351585388,
    "ptm": 0.7064161896705627,
    "iptm": 0.3419375419616699,
    "ligand_iptm": 0.0,
    "protein_iptm": 0.3419375419616699,
    "complex_plddt": 0.7535951137542725,
    "complex_iplddt": 0.7893829345703125,
    "complex_pde": 0.8502494692802429,
    "complex_ipde": 8.483738899230957,
    "chains_ptm": {
        "0": 0.9836557507514954,
        "1": 0.9851625561714172,
        "2": 0.9265534281730652
    },
    "pair_chains_iptm": {
        "0": {
            "0": 0.9836557507514954,
            "1": 0.9265516400337219,
            "2": 0.2121257781982422
        },
        "1": {
            "0": 0.9253358840942383,
            "1": 0.9851625561714172,
            "2": 0.2181294560432434
        },
        "2": {
            "0": 0.21049873530864716,
            "1": 0.21112725138664246,
            "2": 0.9265534281730652
        }
    }
}