{
    "confidence_score": 0.6840236783027649,
    "ptm": 0.7168917655944824,
    "iptm": 0.43320971727371216,
    "ligand_iptm": 0.0,
    "protein_iptm": 0.43320971727371216,
    "complex_plddt": 0.7467271685600281,
    "complex_iplddt": 0.7591478824615479,
    "complex_pde": 1.0055781602859497,
    "complex_ipde": 7.456883907318115,
    "chains_ptm": {
        "0": 0.9833468794822693,
        "1": 0.9832901954650879,
        "2": 0.8810731172561646
    },
    "pair_chains_iptm": {
        "0": {
            "0": 0.9833468794822693,
            "1": 0.9296533465385437,
            "2": 0.35119354724884033
        },
        "1": {
            "0": 0.9245778918266296,
            "1": 0.9832901954650879,
            "2": 0.3658590018749237
        },
        "2": {
            "0": 0.3029066324234009,
            "1": 0.3217351734638214,
            "2": 0.8810731172561646
        }
    }
}