{
    "confidence_score": 0.7123467922210693,
    "ptm": 0.7124803066253662,
    "iptm": 0.5675570368766785,
    "ligand_iptm": 0.0,
    "protein_iptm": 0.5675570368766785,
    "complex_plddt": 0.7485442161560059,
    "complex_iplddt": 0.7876455187797546,
    "complex_pde": 1.3091636896133423,
    "complex_ipde": 5.333261013031006,
    "chains_ptm": {
        "0": 0.9884307980537415,
        "1": 0.9872265458106995,
        "2": 0.7978067994117737
    },
    "pair_chains_iptm": {
        "0": {
            "0": 0.9884307980537415,
            "1": 0.9525893330574036,
            "2": 0.5695211291313171
        },
        "1": {
            "0": 0.9468044638633728,
            "1": 0.9872265458106995,
            "2": 0.5654143691062927
        },
        "2": {
            "0": 0.417195588350296,
            "1": 0.4201948642730713,
            "2": 0.7978067994117737
        }
    }
}