{
    "confidence_score": 0.9306805729866028,
    "ptm": 0.9703757166862488,
    "iptm": 0.958494246006012,
    "ligand_iptm": 0.0,
    "protein_iptm": 0.958494246006012,
    "complex_plddt": 0.9237270951271057,
    "complex_iplddt": 0.8936869502067566,
    "complex_pde": 0.2895506024360657,
    "complex_ipde": 0.45388177037239075,
    "chains_ptm": {
        "0": 0.9919493198394775,
        "1": 0.9909471869468689,
        "2": 0.9868528842926025
    },
    "pair_chains_iptm": {
        "0": {
            "0": 0.9919493198394775,
            "1": 0.9772049188613892,
            "2": 0.947260320186615
        },
        "1": {
            "0": 0.9770955443382263,
            "1": 0.9909471869468689,
            "2": 0.9345521330833435
        },
        "2": {
            "0": 0.9408054947853088,
            "1": 0.938169538974762,
            "2": 0.9868528842926025
        }
    }
}