{
    "confidence_score": 0.8773733973503113,
    "ptm": 0.8352810740470886,
    "iptm": 0.7635478973388672,
    "ligand_iptm": 0.0,
    "protein_iptm": 0.7635478973388672,
    "complex_plddt": 0.9058297872543335,
    "complex_iplddt": 0.8632875084877014,
    "complex_pde": 0.49825283885002136,
    "complex_ipde": 2.640936851501465,
    "chains_ptm": {
        "0": 0.9856880903244019,
        "1": 0.9842354655265808,
        "2": 0.972684919834137
    },
    "pair_chains_iptm": {
        "0": {
            "0": 0.9856880903244019,
            "1": 0.962408185005188,
            "2": 0.4843533933162689
        },
        "1": {
            "0": 0.9611272215843201,
            "1": 0.9842354655265808,
            "2": 0.4847985506057739
        },
        "2": {
            "0": 0.5307667851448059,
            "1": 0.536735475063324,
            "2": 0.972684919834137
        }
    }
}