{
    "confidence_score": 0.9273558855056763,
    "ptm": 0.9593701958656311,
    "iptm": 0.9441811442375183,
    "ligand_iptm": 0.0,
    "protein_iptm": 0.9441811442375183,
    "complex_plddt": 0.9231495261192322,
    "complex_iplddt": 0.8920745849609375,
    "complex_pde": 0.3107525408267975,
    "complex_ipde": 0.6072245836257935,
    "chains_ptm": {
        "0": 0.9902619123458862,
        "1": 0.9891708493232727,
        "2": 0.9829541444778442
    },
    "pair_chains_iptm": {
        "0": {
            "0": 0.9902619123458862,
            "1": 0.9729989767074585,
            "2": 0.91095370054245
        },
        "1": {
            "0": 0.9733237028121948,
            "1": 0.9891708493232727,
            "2": 0.9055520296096802
        },
        "2": {
            "0": 0.9124888181686401,
            "1": 0.9120999574661255,
            "2": 0.9829541444778442
        }
    }
}