{
    "confidence_score": 0.9063140153884888,
    "ptm": 0.9070995450019836,
    "iptm": 0.8648037910461426,
    "ligand_iptm": 0.0,
    "protein_iptm": 0.8648037910461426,
    "complex_plddt": 0.9166915416717529,
    "complex_iplddt": 0.8768655061721802,
    "complex_pde": 0.39906468987464905,
    "complex_ipde": 1.5053354501724243,
    "chains_ptm": {
        "0": 0.9879051446914673,
        "1": 0.9861836433410645,
        "2": 0.9783199429512024
    },
    "pair_chains_iptm": {
        "0": {
            "0": 0.9879051446914673,
            "1": 0.9674682021141052,
            "2": 0.7406314611434937
        },
        "1": {
            "0": 0.9668413400650024,
            "1": 0.9861836433410645,
            "2": 0.7300354838371277
        },
        "2": {
            "0": 0.7551931738853455,
            "1": 0.7482780814170837,
            "2": 0.9783199429512024
        }
    }
}