{
    "confidence_score": 0.901246190071106,
    "ptm": 0.9066682457923889,
    "iptm": 0.8638024926185608,
    "ligand_iptm": 0.0,
    "protein_iptm": 0.8638024926185608,
    "complex_plddt": 0.9106070399284363,
    "complex_iplddt": 0.869644284248352,
    "complex_pde": 0.41477274894714355,
    "complex_ipde": 1.5750970840454102,
    "chains_ptm": {
        "0": 0.985450029373169,
        "1": 0.9832546710968018,
        "2": 0.9784338474273682
    },
    "pair_chains_iptm": {
        "0": {
            "0": 0.985450029373169,
            "1": 0.9615277647972107,
            "2": 0.7383949160575867
        },
        "1": {
            "0": 0.9594895839691162,
            "1": 0.9832546710968018,
            "2": 0.7264276146888733
        },
        "2": {
            "0": 0.7636842727661133,
            "1": 0.7513261437416077,
            "2": 0.9784338474273682
        }
    }
}