{
    "confidence_score": 0.9106689691543579,
    "ptm": 0.9719501733779907,
    "iptm": 0.9615086913108826,
    "ligand_iptm": 0.0,
    "protein_iptm": 0.9615086913108826,
    "complex_plddt": 0.8979589939117432,
    "complex_iplddt": 0.8485169410705566,
    "complex_pde": 0.2840307652950287,
    "complex_ipde": 0.4850405156612396,
    "chains_ptm": {
        "0": 0.9934249520301819,
        "1": 0.9935198426246643,
        "2": 0.9895904660224915
    },
    "pair_chains_iptm": {
        "0": {
            "0": 0.9934249520301819,
            "1": 0.9824376106262207,
            "2": 0.935628354549408
        },
        "1": {
            "0": 0.9832073450088501,
            "1": 0.9935198426246643,
            "2": 0.936519980430603
        },
        "2": {
            "0": 0.9376046061515808,
            "1": 0.9386613368988037,
            "2": 0.9895904660224915
        }
    }
}