{
    "confidence_score": 0.8802823424339294,
    "ptm": 0.8451905846595764,
    "iptm": 0.7716456055641174,
    "ligand_iptm": 0.0,
    "protein_iptm": 0.7716456055641174,
    "complex_plddt": 0.9074414372444153,
    "complex_iplddt": 0.86548912525177,
    "complex_pde": 0.48689955472946167,
    "complex_ipde": 2.3086395263671875,
    "chains_ptm": {
        "0": 0.9838089942932129,
        "1": 0.9799937009811401,
        "2": 0.9722250699996948
    },
    "pair_chains_iptm": {
        "0": {
            "0": 0.9838089942932129,
            "1": 0.9590741395950317,
            "2": 0.5254473686218262
        },
        "1": {
            "0": 0.9548924565315247,
            "1": 0.9799937009811401,
            "2": 0.4935324788093567
        },
        "2": {
            "0": 0.5748661160469055,
            "1": 0.5589813590049744,
            "2": 0.9722250699996948
        }
    }
}