{
    "confidence_score": 0.9046209454536438,
    "ptm": 0.9071859121322632,
    "iptm": 0.8673701286315918,
    "ligand_iptm": 0.0,
    "protein_iptm": 0.8673701286315918,
    "complex_plddt": 0.9139335751533508,
    "complex_iplddt": 0.8710494041442871,
    "complex_pde": 0.3993890583515167,
    "complex_ipde": 1.431433081626892,
    "chains_ptm": {
        "0": 0.9856832027435303,
        "1": 0.9847948551177979,
        "2": 0.9764271378517151
    },
    "pair_chains_iptm": {
        "0": {
            "0": 0.9856832027435303,
            "1": 0.963551938533783,
            "2": 0.7392873167991638
        },
        "1": {
            "0": 0.961161732673645,
            "1": 0.9847948551177979,
            "2": 0.7203991413116455
        },
        "2": {
            "0": 0.7632856965065002,
            "1": 0.7583025097846985,
            "2": 0.9764271378517151
        }
    }
}