{
    "confidence_score": 0.8888602256774902,
    "ptm": 0.8706085681915283,
    "iptm": 0.807011067867279,
    "ligand_iptm": 0.0,
    "protein_iptm": 0.807011067867279,
    "complex_plddt": 0.9093225002288818,
    "complex_iplddt": 0.8725500106811523,
    "complex_pde": 0.44189220666885376,
    "complex_ipde": 2.072692394256592,
    "chains_ptm": {
        "0": 0.9888018369674683,
        "1": 0.9864016175270081,
        "2": 0.9764247536659241
    },
    "pair_chains_iptm": {
        "0": {
            "0": 0.9888018369674683,
            "1": 0.9688264727592468,
            "2": 0.6035976409912109
        },
        "1": {
            "0": 0.9684659242630005,
            "1": 0.9864016175270081,
            "2": 0.584789514541626
        },
        "2": {
            "0": 0.6363534927368164,
            "1": 0.6245061159133911,
            "2": 0.9764247536659241
        }
    }
}