{
    "confidence_score": 0.8735208511352539,
    "ptm": 0.8553264737129211,
    "iptm": 0.797476589679718,
    "ligand_iptm": 0.0,
    "protein_iptm": 0.797476589679718,
    "complex_plddt": 0.8925318717956543,
    "complex_iplddt": 0.8315444588661194,
    "complex_pde": 0.49648553133010864,
    "complex_ipde": 2.374453067779541,
    "chains_ptm": {
        "0": 0.9831746220588684,
        "1": 0.9761852622032166,
        "2": 0.9728164672851562
    },
    "pair_chains_iptm": {
        "0": {
            "0": 0.9831746220588684,
            "1": 0.9561898112297058,
            "2": 0.565641462802887
        },
        "1": {
            "0": 0.9510459899902344,
            "1": 0.9761852622032166,
            "2": 0.5677833557128906
        },
        "2": {
            "0": 0.6037341952323914,
            "1": 0.6177273988723755,
            "2": 0.9728164672851562
        }
    }
}