{
    "confidence_score": 0.9209141135215759,
    "ptm": 0.9371764659881592,
    "iptm": 0.9097797870635986,
    "ligand_iptm": 0.0,
    "protein_iptm": 0.9097797870635986,
    "complex_plddt": 0.9236975908279419,
    "complex_iplddt": 0.8910728693008423,
    "complex_pde": 0.35840022563934326,
    "complex_ipde": 0.9777199625968933,
    "chains_ptm": {
        "0": 0.9879680275917053,
        "1": 0.9855147004127502,
        "2": 0.9779168367385864
    },
    "pair_chains_iptm": {
        "0": {
            "0": 0.9879680275917053,
            "1": 0.9671006202697754,
            "2": 0.8430250287055969
        },
        "1": {
            "0": 0.9652856588363647,
            "1": 0.9855147004127502,
            "2": 0.826514720916748
        },
        "2": {
            "0": 0.8523901700973511,
            "1": 0.8454508781433105,
            "2": 0.9779168367385864
        }
    }
}