{
    "confidence_score": 0.9191281199455261,
    "ptm": 0.9411160349845886,
    "iptm": 0.9177604913711548,
    "ligand_iptm": 0.0,
    "protein_iptm": 0.9177604913711548,
    "complex_plddt": 0.9194700717926025,
    "complex_iplddt": 0.8841637372970581,
    "complex_pde": 0.3500496745109558,
    "complex_ipde": 0.8938500881195068,
    "chains_ptm": {
        "0": 0.9879093766212463,
        "1": 0.9852821230888367,
        "2": 0.9789878726005554
    },
    "pair_chains_iptm": {
        "0": {
            "0": 0.9879093766212463,
            "1": 0.9673629999160767,
            "2": 0.8608046174049377
        },
        "1": {
            "0": 0.9646986722946167,
            "1": 0.9852821230888367,
            "2": 0.8494015336036682
        },
        "2": {
            "0": 0.8648924827575684,
            "1": 0.8621791005134583,
            "2": 0.9789878726005554
        }
    }
}