{
    "confidence_score": 0.8932450413703918,
    "ptm": 0.8913980722427368,
    "iptm": 0.8451763987541199,
    "ligand_iptm": 0.0,
    "protein_iptm": 0.8451763987541199,
    "complex_plddt": 0.9052622318267822,
    "complex_iplddt": 0.8621728420257568,
    "complex_pde": 0.40780776739120483,
    "complex_ipde": 1.7497645616531372,
    "chains_ptm": {
        "0": 0.9891728162765503,
        "1": 0.9873554110527039,
        "2": 0.9784218668937683
    },
    "pair_chains_iptm": {
        "0": {
            "0": 0.9891728162765503,
            "1": 0.9696146249771118,
            "2": 0.649604320526123
        },
        "1": {
            "0": 0.9690271019935608,
            "1": 0.9873554110527039,
            "2": 0.6653138399124146
        },
        "2": {
            "0": 0.6987599730491638,
            "1": 0.7035846710205078,
            "2": 0.9784218668937683
        }
    }
}