{
    "confidence_score": 0.9251198768615723,
    "ptm": 0.9372141361236572,
    "iptm": 0.9089025855064392,
    "ligand_iptm": 0.0,
    "protein_iptm": 0.9089025855064392,
    "complex_plddt": 0.9291741847991943,
    "complex_iplddt": 0.9011817574501038,
    "complex_pde": 0.37221062183380127,
    "complex_ipde": 1.1455039978027344,
    "chains_ptm": {
        "0": 0.9877943992614746,
        "1": 0.9856215715408325,
        "2": 0.9773954749107361
    },
    "pair_chains_iptm": {
        "0": {
            "0": 0.9877943992614746,
            "1": 0.9668737053871155,
            "2": 0.8338354825973511
        },
        "1": {
            "0": 0.9659168124198914,
            "1": 0.9856215715408325,
            "2": 0.7988258600234985
        },
        "2": {
            "0": 0.8521323204040527,
            "1": 0.830614447593689,
            "2": 0.9773954749107361
        }
    }
}