{
    "confidence_score": 0.9067742228507996,
    "ptm": 0.9088847041130066,
    "iptm": 0.8647498488426208,
    "ligand_iptm": 0.0,
    "protein_iptm": 0.8647498488426208,
    "complex_plddt": 0.9172803163528442,
    "complex_iplddt": 0.8819770216941833,
    "complex_pde": 0.4010578691959381,
    "complex_ipde": 1.4493247270584106,
    "chains_ptm": {
        "0": 0.9872328639030457,
        "1": 0.9833546876907349,
        "2": 0.978248655796051
    },
    "pair_chains_iptm": {
        "0": {
            "0": 0.9872328639030457,
            "1": 0.9657639265060425,
            "2": 0.7437440752983093
        },
        "1": {
            "0": 0.9623192548751831,
            "1": 0.9833546876907349,
            "2": 0.7082411050796509
        },
        "2": {
            "0": 0.7659639716148376,
            "1": 0.7466473579406738,
            "2": 0.978248655796051
        }
    }
}