{
    "confidence_score": 0.9191538691520691,
    "ptm": 0.9440706968307495,
    "iptm": 0.918786883354187,
    "ligand_iptm": 0.0,
    "protein_iptm": 0.918786883354187,
    "complex_plddt": 0.9192456007003784,
    "complex_iplddt": 0.8901163339614868,
    "complex_pde": 0.3442036211490631,
    "complex_ipde": 0.89422607421875,
    "chains_ptm": {
        "0": 0.989075779914856,
        "1": 0.9865946769714355,
        "2": 0.9808177351951599
    },
    "pair_chains_iptm": {
        "0": {
            "0": 0.989075779914856,
            "1": 0.9695964455604553,
            "2": 0.8642551898956299
        },
        "1": {
            "0": 0.9682796597480774,
            "1": 0.9865946769714355,
            "2": 0.8397861123085022
        },
        "2": {
            "0": 0.8701732754707336,
            "1": 0.8578710556030273,
            "2": 0.9808177351951599
        }
    }
}