{
    "confidence_score": 0.9174548983573914,
    "ptm": 0.9112599492073059,
    "iptm": 0.8728757500648499,
    "ligand_iptm": 0.0,
    "protein_iptm": 0.8728757500648499,
    "complex_plddt": 0.9285997152328491,
    "complex_iplddt": 0.8971684575080872,
    "complex_pde": 0.3821628987789154,
    "complex_ipde": 1.359631896018982,
    "chains_ptm": {
        "0": 0.9890949726104736,
        "1": 0.9870142936706543,
        "2": 0.9776751399040222
    },
    "pair_chains_iptm": {
        "0": {
            "0": 0.9890949726104736,
            "1": 0.9699093699455261,
            "2": 0.7384483218193054
        },
        "1": {
            "0": 0.968929648399353,
            "1": 0.9870142936706543,
            "2": 0.7273434996604919
        },
        "2": {
            "0": 0.7648622989654541,
            "1": 0.7634537220001221,
            "2": 0.9776751399040222
        }
    }
}