{
    "confidence_score": 0.9060584306716919,
    "ptm": 0.9225807189941406,
    "iptm": 0.8868994116783142,
    "ligand_iptm": 0.0,
    "protein_iptm": 0.8868994116783142,
    "complex_plddt": 0.9108482003211975,
    "complex_iplddt": 0.8700063824653625,
    "complex_pde": 0.3699164390563965,
    "complex_ipde": 1.2807188034057617,
    "chains_ptm": {
        "0": 0.9895409345626831,
        "1": 0.9873185157775879,
        "2": 0.982984721660614
    },
    "pair_chains_iptm": {
        "0": {
            "0": 0.9895409345626831,
            "1": 0.9707455635070801,
            "2": 0.7935157418251038
        },
        "1": {
            "0": 0.9708795547485352,
            "1": 0.9873185157775879,
            "2": 0.7799261808395386
        },
        "2": {
            "0": 0.7987120151519775,
            "1": 0.7915259003639221,
            "2": 0.982984721660614
        }
    }
}