{
    "confidence_score": 0.8983126878738403,
    "ptm": 0.8966739773750305,
    "iptm": 0.8509951233863831,
    "ligand_iptm": 0.0,
    "protein_iptm": 0.8509951233863831,
    "complex_plddt": 0.9101420640945435,
    "complex_iplddt": 0.8663282990455627,
    "complex_pde": 0.40766048431396484,
    "complex_ipde": 1.6793488264083862,
    "chains_ptm": {
        "0": 0.9874787926673889,
        "1": 0.9866633415222168,
        "2": 0.9794435501098633
    },
    "pair_chains_iptm": {
        "0": {
            "0": 0.9874787926673889,
            "1": 0.9669612646102905,
            "2": 0.6910268068313599
        },
        "1": {
            "0": 0.9675741791725159,
            "1": 0.9866633415222168,
            "2": 0.684229850769043
        },
        "2": {
            "0": 0.7220250964164734,
            "1": 0.7212880849838257,
            "2": 0.9794435501098633
        }
    }
}