{
    "confidence_score": 0.8895745277404785,
    "ptm": 0.8653028011322021,
    "iptm": 0.8007447719573975,
    "ligand_iptm": 0.0,
    "protein_iptm": 0.8007447719573975,
    "complex_plddt": 0.9117819666862488,
    "complex_iplddt": 0.8711047768592834,
    "complex_pde": 0.47590556740760803,
    "complex_ipde": 2.114100456237793,
    "chains_ptm": {
        "0": 0.9839922785758972,
        "1": 0.9796507954597473,
        "2": 0.9714292883872986
    },
    "pair_chains_iptm": {
        "0": {
            "0": 0.9839922785758972,
            "1": 0.9581338167190552,
            "2": 0.6071413159370422
        },
        "1": {
            "0": 0.9546165466308594,
            "1": 0.9796507954597473,
            "2": 0.5761032104492188
        },
        "2": {
            "0": 0.6396196484565735,
            "1": 0.6219629645347595,
            "2": 0.9714292883872986
        }
    }
}