{
    "confidence_score": 0.9246541857719421,
    "ptm": 0.9568491578102112,
    "iptm": 0.9393327236175537,
    "ligand_iptm": 0.0,
    "protein_iptm": 0.9393327236175537,
    "complex_plddt": 0.9209845662117004,
    "complex_iplddt": 0.8991773724555969,
    "complex_pde": 0.3079783320426941,
    "complex_ipde": 0.616989016532898,
    "chains_ptm": {
        "0": 0.9911121726036072,
        "1": 0.9900394082069397,
        "2": 0.9838529825210571
    },
    "pair_chains_iptm": {
        "0": {
            "0": 0.9911121726036072,
            "1": 0.9755883812904358,
            "2": 0.8940820693969727
        },
        "1": {
            "0": 0.9750067591667175,
            "1": 0.9900394082069397,
            "2": 0.886399507522583
        },
        "2": {
            "0": 0.901232123374939,
            "1": 0.8989701867103577,
            "2": 0.9838529825210571
        }
    }
}