{
    "confidence_score": 0.921900749206543,
    "ptm": 0.9543229341506958,
    "iptm": 0.934106707572937,
    "ligand_iptm": 0.0,
    "protein_iptm": 0.934106707572937,
    "complex_plddt": 0.9188492298126221,
    "complex_iplddt": 0.8824447393417358,
    "complex_pde": 0.3193233907222748,
    "complex_ipde": 0.7097270488739014,
    "chains_ptm": {
        "0": 0.990128219127655,
        "1": 0.9888342618942261,
        "2": 0.9837860465049744
    },
    "pair_chains_iptm": {
        "0": {
            "0": 0.990128219127655,
            "1": 0.9728417992591858,
            "2": 0.8976370096206665
        },
        "1": {
            "0": 0.9721887111663818,
            "1": 0.9888342618942261,
            "2": 0.882323682308197
        },
        "2": {
            "0": 0.89655601978302,
            "1": 0.8886242508888245,
            "2": 0.9837860465049744
        }
    }
}