{
    "confidence_score": 0.908257782459259,
    "ptm": 0.8945038318634033,
    "iptm": 0.8452634811401367,
    "ligand_iptm": 0.0,
    "protein_iptm": 0.8452634811401367,
    "complex_plddt": 0.9240063428878784,
    "complex_iplddt": 0.8874961137771606,
    "complex_pde": 0.41264480352401733,
    "complex_ipde": 1.594792127609253,
    "chains_ptm": {
        "0": 0.9863957762718201,
        "1": 0.9842692017555237,
        "2": 0.9747058749198914
    },
    "pair_chains_iptm": {
        "0": {
            "0": 0.9863957762718201,
            "1": 0.9641107320785522,
            "2": 0.694241464138031
        },
        "1": {
            "0": 0.9626155495643616,
            "1": 0.9842692017555237,
            "2": 0.6743040084838867
        },
        "2": {
            "0": 0.7209132313728333,
            "1": 0.7099108099937439,
            "2": 0.9747058749198914
        }
    }
}