{
    "confidence_score": 0.9035195708274841,
    "ptm": 0.9297148585319519,
    "iptm": 0.9016342759132385,
    "ligand_iptm": 0.0,
    "protein_iptm": 0.9016342759132385,
    "complex_plddt": 0.9039908051490784,
    "complex_iplddt": 0.8667514324188232,
    "complex_pde": 0.3583608865737915,
    "complex_ipde": 1.106553554534912,
    "chains_ptm": {
        "0": 0.9890971183776855,
        "1": 0.9881532788276672,
        "2": 0.979714035987854
    },
    "pair_chains_iptm": {
        "0": {
            "0": 0.9890971183776855,
            "1": 0.9700059294700623,
            "2": 0.7923802137374878
        },
        "1": {
            "0": 0.9698328971862793,
            "1": 0.9881532788276672,
            "2": 0.8064011931419373
        },
        "2": {
            "0": 0.8173068761825562,
            "1": 0.8244094252586365,
            "2": 0.979714035987854
        }
    }
}