{
    "confidence_score": 0.8929120898246765,
    "ptm": 0.9018480777740479,
    "iptm": 0.8587638139724731,
    "ligand_iptm": 0.0,
    "protein_iptm": 0.8587638139724731,
    "complex_plddt": 0.9014491438865662,
    "complex_iplddt": 0.8558570146560669,
    "complex_pde": 0.3925251364707947,
    "complex_ipde": 1.6003763675689697,
    "chains_ptm": {
        "0": 0.9895530343055725,
        "1": 0.9877782464027405,
        "2": 0.981652021408081
    },
    "pair_chains_iptm": {
        "0": {
            "0": 0.9895530343055725,
            "1": 0.9711498022079468,
            "2": 0.7179555892944336
        },
        "1": {
            "0": 0.9706958532333374,
            "1": 0.9877782464027405,
            "2": 0.7172315716743469
        },
        "2": {
            "0": 0.7335391044616699,
            "1": 0.7305349707603455,
            "2": 0.981652021408081
        }
    }
}