{
    "confidence_score": 0.8609914183616638,
    "ptm": 0.7136557102203369,
    "iptm": 0.6139622330665588,
    "ligand_iptm": 0.0,
    "protein_iptm": 0.6139622330665588,
    "complex_plddt": 0.9227486252784729,
    "complex_iplddt": 0.8857349753379822,
    "complex_pde": 0.5881984233856201,
    "complex_ipde": 5.030063152313232,
    "chains_ptm": {
        "0": 0.9850085973739624,
        "1": 0.9903824925422668,
        "2": 0.801548182964325
    },
    "pair_chains_iptm": {
        "0": {
            "0": 0.9850085973739624,
            "1": 0.9600746035575867,
            "2": 0.46593916416168213
        },
        "1": {
            "0": 0.9629094004631042,
            "1": 0.9903824925422668,
            "2": 0.4561401605606079
        },
        "2": {
            "0": 0.3689975440502167,
            "1": 0.37801089882850647,
            "2": 0.801548182964325
        }
    }
}