{
    "confidence_score": 0.8316246271133423,
    "ptm": 0.6100344061851501,
    "iptm": 0.47377538681030273,
    "ligand_iptm": 0.0,
    "protein_iptm": 0.47377538681030273,
    "complex_plddt": 0.921086847782135,
    "complex_iplddt": 0.8831236958503723,
    "complex_pde": 0.7739461064338684,
    "complex_ipde": 8.084728240966797,
    "chains_ptm": {
        "0": 0.9795669317245483,
        "1": 0.9881871938705444,
        "2": 0.7829869389533997
    },
    "pair_chains_iptm": {
        "0": {
            "0": 0.9795669317245483,
            "1": 0.9464470148086548,
            "2": 0.17037217319011688
        },
        "1": {
            "0": 0.9519039392471313,
            "1": 0.9881871938705444,
            "2": 0.15931981801986694
        },
        "2": {
            "0": 0.1502978503704071,
            "1": 0.1473492980003357,
            "2": 0.7829869389533997
        }
    }
}