{
    "confidence_score": 0.8647140860557556,
    "ptm": 0.7416247129440308,
    "iptm": 0.6520614624023438,
    "ligand_iptm": 0.0,
    "protein_iptm": 0.6520614624023438,
    "complex_plddt": 0.9178771376609802,
    "complex_iplddt": 0.8772965669631958,
    "complex_pde": 0.5343264937400818,
    "complex_ipde": 4.172799587249756,
    "chains_ptm": {
        "0": 0.9851593375205994,
        "1": 0.9904666543006897,
        "2": 0.8100461959838867
    },
    "pair_chains_iptm": {
        "0": {
            "0": 0.9851593375205994,
            "1": 0.9596614837646484,
            "2": 0.5546669960021973
        },
        "1": {
            "0": 0.9619396328926086,
            "1": 0.9904666543006897,
            "2": 0.5476498603820801
        },
        "2": {
            "0": 0.4362810552120209,
            "1": 0.4396788775920868,
            "2": 0.8100461959838867
        }
    }
}