{
    "confidence_score": 0.8602970242500305,
    "ptm": 0.6905198693275452,
    "iptm": 0.582855761051178,
    "ligand_iptm": 0.0,
    "protein_iptm": 0.582855761051178,
    "complex_plddt": 0.9296573400497437,
    "complex_iplddt": 0.9056475758552551,
    "complex_pde": 0.624872088432312,
    "complex_ipde": 5.575623035430908,
    "chains_ptm": {
        "0": 0.9824972152709961,
        "1": 0.98940110206604,
        "2": 0.7965552806854248
    },
    "pair_chains_iptm": {
        "0": {
            "0": 0.9824972152709961,
            "1": 0.9551717042922974,
            "2": 0.4175121486186981
        },
        "1": {
            "0": 0.9586920738220215,
            "1": 0.98940110206604,
            "2": 0.4030173122882843
        },
        "2": {
            "0": 0.32557305693626404,
            "1": 0.33174580335617065,
            "2": 0.7965552806854248
        }
    }
}