{
    "confidence_score": 0.8619036078453064,
    "ptm": 0.718129575252533,
    "iptm": 0.6201018691062927,
    "ligand_iptm": 0.0,
    "protein_iptm": 0.6201018691062927,
    "complex_plddt": 0.9223540425300598,
    "complex_iplddt": 0.8838478326797485,
    "complex_pde": 0.585814893245697,
    "complex_ipde": 5.010772705078125,
    "chains_ptm": {
        "0": 0.9847291111946106,
        "1": 0.9902433156967163,
        "2": 0.8077243566513062
    },
    "pair_chains_iptm": {
        "0": {
            "0": 0.9847291111946106,
            "1": 0.9586353302001953,
            "2": 0.4759339988231659
        },
        "1": {
            "0": 0.960856556892395,
            "1": 0.9902433156967163,
            "2": 0.4633979797363281
        },
        "2": {
            "0": 0.38235223293304443,
            "1": 0.390580415725708,
            "2": 0.8077243566513062
        }
    }
}