{
    "confidence_score": 0.8264120221138,
    "ptm": 0.6100003719329834,
    "iptm": 0.4734977185726166,
    "ligand_iptm": 0.0,
    "protein_iptm": 0.4734977185726166,
    "complex_plddt": 0.9146405458450317,
    "complex_iplddt": 0.8668362498283386,
    "complex_pde": 0.7758042812347412,
    "complex_ipde": 8.149367332458496,
    "chains_ptm": {
        "0": 0.979430079460144,
        "1": 0.9881066679954529,
        "2": 0.8003416657447815
    },
    "pair_chains_iptm": {
        "0": {
            "0": 0.979430079460144,
            "1": 0.9464560747146606,
            "2": 0.17035578191280365
        },
        "1": {
            "0": 0.9520013332366943,
            "1": 0.9881066679954529,
            "2": 0.15561024844646454
        },
        "2": {
            "0": 0.15130215883255005,
            "1": 0.1523931920528412,
            "2": 0.8003416657447815
        }
    }
}