{
    "confidence_score": 0.8721497654914856,
    "ptm": 0.7506197094917297,
    "iptm": 0.6639530062675476,
    "ligand_iptm": 0.0,
    "protein_iptm": 0.6639530062675476,
    "complex_plddt": 0.9241989254951477,
    "complex_iplddt": 0.8891174793243408,
    "complex_pde": 0.527734637260437,
    "complex_ipde": 4.143496513366699,
    "chains_ptm": {
        "0": 0.9867902398109436,
        "1": 0.9913702011108398,
        "2": 0.8092562556266785
    },
    "pair_chains_iptm": {
        "0": {
            "0": 0.9867902398109436,
            "1": 0.9641692638397217,
            "2": 0.567488431930542
        },
        "1": {
            "0": 0.9664236307144165,
            "1": 0.9913702011108398,
            "2": 0.5567522644996643
        },
        "2": {
            "0": 0.44538116455078125,
            "1": 0.45571044087409973,
            "2": 0.8092562556266785
        }
    }
}