{
    "confidence_score": 0.8539404273033142,
    "ptm": 0.6989513635635376,
    "iptm": 0.5943284630775452,
    "ligand_iptm": 0.0,
    "protein_iptm": 0.5943284630775452,
    "complex_plddt": 0.9188433289527893,
    "complex_iplddt": 0.8810262084007263,
    "complex_pde": 0.6201611161231995,
    "complex_ipde": 5.462808609008789,
    "chains_ptm": {
        "0": 0.983284592628479,
        "1": 0.9894835948944092,
        "2": 0.8055332899093628
    },
    "pair_chains_iptm": {
        "0": {
            "0": 0.983284592628479,
            "1": 0.9560070037841797,
            "2": 0.4355781674385071
        },
        "1": {
            "0": 0.9590555429458618,
            "1": 0.9894835948944092,
            "2": 0.4227694571018219
        },
        "2": {
            "0": 0.34245944023132324,
            "1": 0.3509346842765808,
            "2": 0.8055332899093628
        }
    }
}