{
    "confidence_score": 0.8650494813919067,
    "ptm": 0.724901556968689,
    "iptm": 0.6288962960243225,
    "ligand_iptm": 0.0,
    "protein_iptm": 0.6288962960243225,
    "complex_plddt": 0.9240877628326416,
    "complex_iplddt": 0.887637197971344,
    "complex_pde": 0.5637523531913757,
    "complex_ipde": 4.832949161529541,
    "chains_ptm": {
        "0": 0.987125813961029,
        "1": 0.9914111495018005,
        "2": 0.8078228235244751
    },
    "pair_chains_iptm": {
        "0": {
            "0": 0.987125813961029,
            "1": 0.9643582105636597,
            "2": 0.5126566290855408
        },
        "1": {
            "0": 0.9662147164344788,
            "1": 0.9914111495018005,
            "2": 0.502476692199707
        },
        "2": {
            "0": 0.3950034976005554,
            "1": 0.4060363471508026,
            "2": 0.8078228235244751
        }
    }
}