{
    "confidence_score": 0.8585688471794128,
    "ptm": 0.7228911519050598,
    "iptm": 0.6271611452102661,
    "ligand_iptm": 0.0,
    "protein_iptm": 0.6271611452102661,
    "complex_plddt": 0.9164207577705383,
    "complex_iplddt": 0.873862624168396,
    "complex_pde": 0.5666650533676147,
    "complex_ipde": 4.585253715515137,
    "chains_ptm": {
        "0": 0.9832624197006226,
        "1": 0.990023136138916,
        "2": 0.8063196539878845
    },
    "pair_chains_iptm": {
        "0": {
            "0": 0.9832624197006226,
            "1": 0.9570369720458984,
            "2": 0.4987221956253052
        },
        "1": {
            "0": 0.9599398374557495,
            "1": 0.990023136138916,
            "2": 0.4847547709941864
        },
        "2": {
            "0": 0.403568297624588,
            "1": 0.40226635336875916,
            "2": 0.8063196539878845
        }
    }
}