{
    "confidence_score": 0.8582140803337097,
    "ptm": 0.7132846713066101,
    "iptm": 0.6138173341751099,
    "ligand_iptm": 0.0,
    "protein_iptm": 0.6138173341751099,
    "complex_plddt": 0.9193133115768433,
    "complex_iplddt": 0.8791297674179077,
    "complex_pde": 0.5871085524559021,
    "complex_ipde": 4.988154411315918,
    "chains_ptm": {
        "0": 0.983878493309021,
        "1": 0.9895329475402832,
        "2": 0.8001124262809753
    },
    "pair_chains_iptm": {
        "0": {
            "0": 0.983878493309021,
            "1": 0.9568420648574829,
            "2": 0.4754847586154938
        },
        "1": {
            "0": 0.9581876993179321,
            "1": 0.9895329475402832,
            "2": 0.46055325865745544
        },
        "2": {
            "0": 0.37652209401130676,
            "1": 0.38313236832618713,
            "2": 0.8001124262809753
        }
    }
}