{
    "confidence_score": 0.8711735010147095,
    "ptm": 0.7679920792579651,
    "iptm": 0.6881759762763977,
    "ligand_iptm": 0.0,
    "protein_iptm": 0.6881759762763977,
    "complex_plddt": 0.9169228076934814,
    "complex_iplddt": 0.8725011348724365,
    "complex_pde": 0.486184298992157,
    "complex_ipde": 3.5150339603424072,
    "chains_ptm": {
        "0": 0.9879778027534485,
        "1": 0.9918138980865479,
        "2": 0.8190562725067139
    },
    "pair_chains_iptm": {
        "0": {
            "0": 0.9879778027534485,
            "1": 0.9679110646247864,
            "2": 0.6305553913116455
        },
        "1": {
            "0": 0.9683847427368164,
            "1": 0.9918138980865479,
            "2": 0.6167047619819641
        },
        "2": {
            "0": 0.4917324185371399,
            "1": 0.4982360303401947,
            "2": 0.8190562725067139
        }
    }
}