{
    "confidence_score": 0.8619699478149414,
    "ptm": 0.7136154770851135,
    "iptm": 0.6142092943191528,
    "ligand_iptm": 0.0,
    "protein_iptm": 0.6142092943191528,
    "complex_plddt": 0.9239101409912109,
    "complex_iplddt": 0.8859984874725342,
    "complex_pde": 0.5884930491447449,
    "complex_ipde": 4.932196617126465,
    "chains_ptm": {
        "0": 0.9839016795158386,
        "1": 0.9895581007003784,
        "2": 0.7992889285087585
    },
    "pair_chains_iptm": {
        "0": {
            "0": 0.9839016795158386,
            "1": 0.9581408500671387,
            "2": 0.46210870146751404
        },
        "1": {
            "0": 0.9605972766876221,
            "1": 0.9895581007003784,
            "2": 0.44925564527511597
        },
        "2": {
            "0": 0.37408286333084106,
            "1": 0.3801262080669403,
            "2": 0.7992889285087585
        }
    }
}