{
    "confidence_score": 0.8689675331115723,
    "ptm": 0.7129846811294556,
    "iptm": 0.6134119629859924,
    "ligand_iptm": 0.0,
    "protein_iptm": 0.6134119629859924,
    "complex_plddt": 0.9328564405441284,
    "complex_iplddt": 0.9034988284111023,
    "complex_pde": 0.5920023322105408,
    "complex_ipde": 4.842560291290283,
    "chains_ptm": {
        "0": 0.9817330837249756,
        "1": 0.9892996549606323,
        "2": 0.7851071357727051
    },
    "pair_chains_iptm": {
        "0": {
            "0": 0.9817330837249756,
            "1": 0.9545429944992065,
            "2": 0.465414822101593
        },
        "1": {
            "0": 0.9573512077331543,
            "1": 0.9892996549606323,
            "2": 0.4508751928806305
        },
        "2": {
            "0": 0.37092605233192444,
            "1": 0.382986456155777,
            "2": 0.7851071357727051
        }
    }
}