{
    "confidence_score": 0.9014633297920227,
    "ptm": 0.8430286049842834,
    "iptm": 0.822521984577179,
    "ligand_iptm": 0.0,
    "protein_iptm": 0.822521984577179,
    "complex_plddt": 0.9211986660957336,
    "complex_iplddt": 0.887776792049408,
    "complex_pde": 0.36784571409225464,
    "complex_ipde": 1.687605619430542,
    "chains_ptm": {
        "0": 0.990469217300415,
        "1": 0.9932234287261963,
        "2": 0.8469441533088684
    },
    "pair_chains_iptm": {
        "0": {
            "0": 0.990469217300415,
            "1": 0.9748751521110535,
            "2": 0.825340986251831
        },
        "1": {
            "0": 0.9744910001754761,
            "1": 0.9932234287261963,
            "2": 0.8193306922912598
        },
        "2": {
            "0": 0.6524639129638672,
            "1": 0.6637645959854126,
            "2": 0.8469441533088684
        }
    }
}