{
    "confidence_score": 0.8700936436653137,
    "ptm": 0.7608476877212524,
    "iptm": 0.6778077483177185,
    "ligand_iptm": 0.0,
    "protein_iptm": 0.6778077483177185,
    "complex_plddt": 0.9181651473045349,
    "complex_iplddt": 0.876473069190979,
    "complex_pde": 0.5028889179229736,
    "complex_ipde": 3.604457139968872,
    "chains_ptm": {
        "0": 0.9858609437942505,
        "1": 0.9906688928604126,
        "2": 0.810877799987793
    },
    "pair_chains_iptm": {
        "0": {
            "0": 0.9858609437942505,
            "1": 0.9630995392799377,
            "2": 0.6202534437179565
        },
        "1": {
            "0": 0.9635636806488037,
            "1": 0.9906688928604126,
            "2": 0.6075299382209778
        },
        "2": {
            "0": 0.48278194665908813,
            "1": 0.4840303957462311,
            "2": 0.810877799987793
        }
    }
}