{
    "confidence_score": 0.8841726183891296,
    "ptm": 0.7924270629882812,
    "iptm": 0.7208876609802246,
    "ligand_iptm": 0.0,
    "protein_iptm": 0.7208876609802246,
    "complex_plddt": 0.9249939322471619,
    "complex_iplddt": 0.9006745219230652,
    "complex_pde": 0.4437794089317322,
    "complex_ipde": 2.7805674076080322,
    "chains_ptm": {
        "0": 0.9878064393997192,
        "1": 0.9917833805084229,
        "2": 0.824125349521637
    },
    "pair_chains_iptm": {
        "0": {
            "0": 0.9878064393997192,
            "1": 0.9676941633224487,
            "2": 0.7168338298797607
        },
        "1": {
            "0": 0.9677478671073914,
            "1": 0.9917833805084229,
            "2": 0.7062588334083557
        },
        "2": {
            "0": 0.5438501834869385,
            "1": 0.5537027716636658,
            "2": 0.824125349521637
        }
    }
}