{
    "confidence_score": 0.8430628180503845,
    "ptm": 0.6613174676895142,
    "iptm": 0.5432762503623962,
    "ligand_iptm": 0.0,
    "protein_iptm": 0.5432762503623962,
    "complex_plddt": 0.9180094599723816,
    "complex_iplddt": 0.8823345899581909,
    "complex_pde": 0.682479739189148,
    "complex_ipde": 6.4562506675720215,
    "chains_ptm": {
        "0": 0.98187655210495,
        "1": 0.9889169931411743,
        "2": 0.7753286361694336
    },
    "pair_chains_iptm": {
        "0": {
            "0": 0.98187655210495,
            "1": 0.9526808857917786,
            "2": 0.32268163561820984
        },
        "1": {
            "0": 0.9563158750534058,
            "1": 0.9889169931411743,
            "2": 0.3075299561023712
        },
        "2": {
            "0": 0.2629183232784271,
            "1": 0.2660010755062103,
            "2": 0.7753286361694336
        }
    }
}