{
    "confidence_score": 0.8586879968643188,
    "ptm": 0.7180995941162109,
    "iptm": 0.6201326251029968,
    "ligand_iptm": 0.0,
    "protein_iptm": 0.6201326251029968,
    "complex_plddt": 0.9183268547058105,
    "complex_iplddt": 0.8878803849220276,
    "complex_pde": 0.5750924348831177,
    "complex_ipde": 4.858489036560059,
    "chains_ptm": {
        "0": 0.9843719005584717,
        "1": 0.9903029799461365,
        "2": 0.8109197020530701
    },
    "pair_chains_iptm": {
        "0": {
            "0": 0.9843719005584717,
            "1": 0.9582089185714722,
            "2": 0.492709755897522
        },
        "1": {
            "0": 0.9606490135192871,
            "1": 0.9903029799461365,
            "2": 0.47748321294784546
        },
        "2": {
            "0": 0.3850565254688263,
            "1": 0.39054733514785767,
            "2": 0.8109197020530701
        }
    }
}