{
    "confidence_score": 0.8290808796882629,
    "ptm": 0.6185277700424194,
    "iptm": 0.48503223061561584,
    "ligand_iptm": 0.0,
    "protein_iptm": 0.48503223061561584,
    "complex_plddt": 0.9150930047035217,
    "complex_iplddt": 0.8721137642860413,
    "complex_pde": 0.758587658405304,
    "complex_ipde": 7.819280624389648,
    "chains_ptm": {
        "0": 0.9805199503898621,
        "1": 0.9888588786125183,
        "2": 0.7921500205993652
    },
    "pair_chains_iptm": {
        "0": {
            "0": 0.9805199503898621,
            "1": 0.9510534405708313,
            "2": 0.1911270022392273
        },
        "1": {
            "0": 0.9539260268211365,
            "1": 0.9888588786125183,
            "2": 0.17454327642917633
        },
        "2": {
            "0": 0.16753685474395752,
            "1": 0.16860394179821014,
            "2": 0.7921500205993652
        }
    }
}