{
    "confidence_score": 0.8531524538993835,
    "ptm": 0.6992668509483337,
    "iptm": 0.5945391654968262,
    "ligand_iptm": 0.0,
    "protein_iptm": 0.5945391654968262,
    "complex_plddt": 0.9178058505058289,
    "complex_iplddt": 0.8761479258537292,
    "complex_pde": 0.6133067011833191,
    "complex_ipde": 5.429476261138916,
    "chains_ptm": {
        "0": 0.98378986120224,
        "1": 0.9901373982429504,
        "2": 0.7968696355819702
    },
    "pair_chains_iptm": {
        "0": {
            "0": 0.98378986120224,
            "1": 0.9571895599365234,
            "2": 0.42729878425598145
        },
        "1": {
            "0": 0.9605517983436584,
            "1": 0.9901373982429504,
            "2": 0.4084508419036865
        },
        "2": {
            "0": 0.3392064571380615,
            "1": 0.34318169951438904,
            "2": 0.7968696355819702
        }
    }
}