{
    "confidence_score": 0.8574360013008118,
    "ptm": 0.7173587083816528,
    "iptm": 0.6189563870429993,
    "ligand_iptm": 0.0,
    "protein_iptm": 0.6189563870429993,
    "complex_plddt": 0.9170559048652649,
    "complex_iplddt": 0.8806366324424744,
    "complex_pde": 0.585133969783783,
    "complex_ipde": 4.981507301330566,
    "chains_ptm": {
        "0": 0.9846700429916382,
        "1": 0.9905108213424683,
        "2": 0.805053174495697
    },
    "pair_chains_iptm": {
        "0": {
            "0": 0.9846700429916382,
            "1": 0.9605212211608887,
            "2": 0.4808192849159241
        },
        "1": {
            "0": 0.9618408679962158,
            "1": 0.9905108213424683,
            "2": 0.4637499749660492
        },
        "2": {
            "0": 0.38021573424339294,
            "1": 0.3898051381111145,
            "2": 0.805053174495697
        }
    }
}