{
    "confidence_score": 0.8662830591201782,
    "ptm": 0.7400618195533752,
    "iptm": 0.6497310996055603,
    "ligand_iptm": 0.0,
    "protein_iptm": 0.6497310996055603,
    "complex_plddt": 0.9204210042953491,
    "complex_iplddt": 0.8873398900032043,
    "complex_pde": 0.5364850759506226,
    "complex_ipde": 4.297396659851074,
    "chains_ptm": {
        "0": 0.9865174889564514,
        "1": 0.9910315275192261,
        "2": 0.8199113011360168
    },
    "pair_chains_iptm": {
        "0": {
            "0": 0.9865174889564514,
            "1": 0.9632052779197693,
            "2": 0.5518205165863037
        },
        "1": {
            "0": 0.9658688306808472,
            "1": 0.9910315275192261,
            "2": 0.5449265241622925
        },
        "2": {
            "0": 0.4303101599216461,
            "1": 0.4377683699131012,
            "2": 0.8199113011360168
        }
    }
}