{
    "confidence_score": 0.8705666661262512,
    "ptm": 0.7597363591194153,
    "iptm": 0.6774082779884338,
    "ligand_iptm": 0.0,
    "protein_iptm": 0.6774082779884338,
    "complex_plddt": 0.9188562631607056,
    "complex_iplddt": 0.8806699514389038,
    "complex_pde": 0.4957118332386017,
    "complex_ipde": 3.54156494140625,
    "chains_ptm": {
        "0": 0.9861055612564087,
        "1": 0.9907032251358032,
        "2": 0.8139133453369141
    },
    "pair_chains_iptm": {
        "0": {
            "0": 0.9861055612564087,
            "1": 0.9631557464599609,
            "2": 0.6286439895629883
        },
        "1": {
            "0": 0.9644681215286255,
            "1": 0.9907032251358032,
            "2": 0.6139399409294128
        },
        "2": {
            "0": 0.47957277297973633,
            "1": 0.48318159580230713,
            "2": 0.8139133453369141
        }
    }
}