{
    "confidence_score": 0.8255473971366882,
    "ptm": 0.5975099205970764,
    "iptm": 0.4568450152873993,
    "ligand_iptm": 0.0,
    "protein_iptm": 0.4568450152873993,
    "complex_plddt": 0.9177230596542358,
    "complex_iplddt": 0.8842476010322571,
    "complex_pde": 0.8037444949150085,
    "complex_ipde": 8.579343795776367,
    "chains_ptm": {
        "0": 0.9781672954559326,
        "1": 0.9872453808784485,
        "2": 0.7959983944892883
    },
    "pair_chains_iptm": {
        "0": {
            "0": 0.9781672954559326,
            "1": 0.9441342949867249,
            "2": 0.13197599351406097
        },
        "1": {
            "0": 0.9512155652046204,
            "1": 0.9872453808784485,
            "2": 0.11749391257762909
        },
        "2": {
            "0": 0.1222253367304802,
            "1": 0.12278928607702255,
            "2": 0.7959983944892883
        }
    }
}