{
    "confidence_score": 0.8997513055801392,
    "ptm": 0.7736572027206421,
    "iptm": 0.7252023816108704,
    "ligand_iptm": 0.0,
    "protein_iptm": 0.7252023816108704,
    "complex_plddt": 0.9433884620666504,
    "complex_iplddt": 0.9422264695167542,
    "complex_pde": 0.4117484390735626,
    "complex_ipde": 2.20583438873291,
    "chains_ptm": {
        "0": 0.989363431930542,
        "1": 0.9903011918067932,
        "2": 0.8411742448806763
    },
    "pair_chains_iptm": {
        "0": {
            "0": 0.989363431930542,
            "1": 0.9670827984809875,
            "2": 0.7142597436904907
        },
        "1": {
            "0": 0.9681513905525208,
            "1": 0.9903011918067932,
            "2": 0.7388743162155151
        },
        "2": {
            "0": 0.554047167301178,
            "1": 0.5410857796669006,
            "2": 0.8411742448806763
        }
    }
}