{
    "confidence_score": 0.9068034291267395,
    "ptm": 0.792493999004364,
    "iptm": 0.7669217586517334,
    "ligand_iptm": 0.0,
    "protein_iptm": 0.7669217586517334,
    "complex_plddt": 0.9417738318443298,
    "complex_iplddt": 0.9468486309051514,
    "complex_pde": 0.39032381772994995,
    "complex_ipde": 1.9519351720809937,
    "chains_ptm": {
        "0": 0.9900755882263184,
        "1": 0.9904189109802246,
        "2": 0.8548036217689514
    },
    "pair_chains_iptm": {
        "0": {
            "0": 0.9900755882263184,
            "1": 0.9687862396240234,
            "2": 0.7567944526672363
        },
        "1": {
            "0": 0.9697225093841553,
            "1": 0.9904189109802246,
            "2": 0.7781847715377808
        },
        "2": {
            "0": 0.5940815806388855,
            "1": 0.5834095478057861,
            "2": 0.8548036217689514
        }
    }
}