{
    "confidence_score": 0.8850874900817871,
    "ptm": 0.739298403263092,
    "iptm": 0.6549416780471802,
    "ligand_iptm": 0.0,
    "protein_iptm": 0.6549416780471802,
    "complex_plddt": 0.9426239728927612,
    "complex_iplddt": 0.9417398571968079,
    "complex_pde": 0.4598887860774994,
    "complex_ipde": 2.826380968093872,
    "chains_ptm": {
        "0": 0.9880120158195496,
        "1": 0.9888566136360168,
        "2": 0.8258921504020691
    },
    "pair_chains_iptm": {
        "0": {
            "0": 0.9880120158195496,
            "1": 0.9626016020774841,
            "2": 0.6367998719215393
        },
        "1": {
            "0": 0.9631550908088684,
            "1": 0.9888566136360168,
            "2": 0.6654255390167236
        },
        "2": {
            "0": 0.46325862407684326,
            "1": 0.4718841016292572,
            "2": 0.8258921504020691
        }
    }
}