{
    "confidence_score": 0.8942255973815918,
    "ptm": 0.7597779035568237,
    "iptm": 0.702557384967804,
    "ligand_iptm": 0.0,
    "protein_iptm": 0.702557384967804,
    "complex_plddt": 0.9421426057815552,
    "complex_iplddt": 0.9411839842796326,
    "complex_pde": 0.42594921588897705,
    "complex_ipde": 2.3793652057647705,
    "chains_ptm": {
        "0": 0.9889177083969116,
        "1": 0.9895836114883423,
        "2": 0.8390606641769409
    },
    "pair_chains_iptm": {
        "0": {
            "0": 0.9889177083969116,
            "1": 0.965471625328064,
            "2": 0.6908083558082581
        },
        "1": {
            "0": 0.9658790230751038,
            "1": 0.9895836114883423,
            "2": 0.7156240344047546
        },
        "2": {
            "0": 0.5180413126945496,
            "1": 0.5171681046485901,
            "2": 0.8390606641769409
        }
    }
}