{
    "confidence_score": 0.8570664525032043,
    "ptm": 0.6692629456520081,
    "iptm": 0.5614339113235474,
    "ligand_iptm": 0.0,
    "protein_iptm": 0.5614339113235474,
    "complex_plddt": 0.9309746026992798,
    "complex_iplddt": 0.9287179112434387,
    "complex_pde": 0.5353344678878784,
    "complex_ipde": 4.346595287322998,
    "chains_ptm": {
        "0": 0.9875258207321167,
        "1": 0.987880289554596,
        "2": 0.814678430557251
    },
    "pair_chains_iptm": {
        "0": {
            "0": 0.9875258207321167,
            "1": 0.9585301876068115,
            "2": 0.3759486675262451
        },
        "1": {
            "0": 0.9595500230789185,
            "1": 0.987880289554596,
            "2": 0.39416465163230896
        },
        "2": {
            "0": 0.3188382089138031,
            "1": 0.3263319134712219,
            "2": 0.814678430557251
        }
    }
}