{
    "confidence_score": 0.8871901631355286,
    "ptm": 0.7483618855476379,
    "iptm": 0.666920006275177,
    "ligand_iptm": 0.0,
    "protein_iptm": 0.666920006275177,
    "complex_plddt": 0.9422577023506165,
    "complex_iplddt": 0.9403030276298523,
    "complex_pde": 0.4448692798614502,
    "complex_ipde": 2.723099946975708,
    "chains_ptm": {
        "0": 0.9884243607521057,
        "1": 0.9892580509185791,
        "2": 0.8330085277557373
    },
    "pair_chains_iptm": {
        "0": {
            "0": 0.9884243607521057,
            "1": 0.9637168049812317,
            "2": 0.6455685496330261
        },
        "1": {
            "0": 0.9646435379981995,
            "1": 0.9892580509185791,
            "2": 0.6681749224662781
        },
        "2": {
            "0": 0.496863454580307,
            "1": 0.4903416037559509,
            "2": 0.8330085277557373
        }
    }
}