{
    "confidence_score": 0.886889636516571,
    "ptm": 0.7430631518363953,
    "iptm": 0.6600561738014221,
    "ligand_iptm": 0.0,
    "protein_iptm": 0.6600561738014221,
    "complex_plddt": 0.9435980319976807,
    "complex_iplddt": 0.9456230401992798,
    "complex_pde": 0.4526633322238922,
    "complex_ipde": 2.754204273223877,
    "chains_ptm": {
        "0": 0.9877761006355286,
        "1": 0.988602876663208,
        "2": 0.8264662623405457
    },
    "pair_chains_iptm": {
        "0": {
            "0": 0.9877761006355286,
            "1": 0.96185702085495,
            "2": 0.6293679475784302
        },
        "1": {
            "0": 0.9628781676292419,
            "1": 0.988602876663208,
            "2": 0.6573008298873901
        },
        "2": {
            "0": 0.4793578088283539,
            "1": 0.48007622361183167,
            "2": 0.8264662623405457
        }
    }
}