{
    "confidence_score": 0.896969735622406,
    "ptm": 0.7734986543655396,
    "iptm": 0.7185753583908081,
    "ligand_iptm": 0.0,
    "protein_iptm": 0.7185753583908081,
    "complex_plddt": 0.9415682554244995,
    "complex_iplddt": 0.9441131353378296,
    "complex_pde": 0.4142771065235138,
    "complex_ipde": 2.2836813926696777,
    "chains_ptm": {
        "0": 0.9892387986183167,
        "1": 0.989905834197998,
        "2": 0.8460232019424438
    },
    "pair_chains_iptm": {
        "0": {
            "0": 0.9892387986183167,
            "1": 0.9665801525115967,
            "2": 0.7055532932281494
        },
        "1": {
            "0": 0.9672541618347168,
            "1": 0.989905834197998,
            "2": 0.7330579161643982
        },
        "2": {
            "0": 0.548634946346283,
            "1": 0.5432621836662292,
            "2": 0.8460232019424438
        }
    }
}