{
    "confidence_score": 0.8926219344139099,
    "ptm": 0.7559189796447754,
    "iptm": 0.6877288222312927,
    "ligand_iptm": 0.0,
    "protein_iptm": 0.6877288222312927,
    "complex_plddt": 0.9438452124595642,
    "complex_iplddt": 0.9466039538383484,
    "complex_pde": 0.4314880669116974,
    "complex_ipde": 2.4983909130096436,
    "chains_ptm": {
        "0": 0.9890269637107849,
        "1": 0.9894648790359497,
        "2": 0.832241952419281
    },
    "pair_chains_iptm": {
        "0": {
            "0": 0.9890269637107849,
            "1": 0.9654455780982971,
            "2": 0.6769153475761414
        },
        "1": {
            "0": 0.9661713242530823,
            "1": 0.9894648790359497,
            "2": 0.7000481486320496
        },
        "2": {
            "0": 0.5105247497558594,
            "1": 0.5065927505493164,
            "2": 0.832241952419281
        }
    }
}