{
    "confidence_score": 0.8936942219734192,
    "ptm": 0.7575514316558838,
    "iptm": 0.6968587040901184,
    "ligand_iptm": 0.0,
    "protein_iptm": 0.6968587040901184,
    "complex_plddt": 0.9429030418395996,
    "complex_iplddt": 0.9434954524040222,
    "complex_pde": 0.42955154180526733,
    "complex_ipde": 2.4308745861053467,
    "chains_ptm": {
        "0": 0.9885559678077698,
        "1": 0.9894200563430786,
        "2": 0.8320090174674988
    },
    "pair_chains_iptm": {
        "0": {
            "0": 0.9885559678077698,
            "1": 0.9641245007514954,
            "2": 0.6849133968353271
        },
        "1": {
            "0": 0.9653798937797546,
            "1": 0.9894200563430786,
            "2": 0.7101438641548157
        },
        "2": {
            "0": 0.512228786945343,
            "1": 0.5100699067115784,
            "2": 0.8320090174674988
        }
    }
}