{
    "confidence_score": 0.8405524492263794,
    "ptm": 0.6139751076698303,
    "iptm": 0.4878832697868347,
    "ligand_iptm": 0.0,
    "protein_iptm": 0.4878832697868347,
    "complex_plddt": 0.9287197589874268,
    "complex_iplddt": 0.9252427816390991,
    "complex_pde": 0.6128351092338562,
    "complex_ipde": 5.635855674743652,
    "chains_ptm": {
        "0": 0.9850348830223083,
        "1": 0.9865774512290955,
        "2": 0.8147556185722351
    },
    "pair_chains_iptm": {
        "0": {
            "0": 0.9850348830223083,
            "1": 0.9517247080802917,
            "2": 0.20215409994125366
        },
        "1": {
            "0": 0.9529361128807068,
            "1": 0.9865774512290955,
            "2": 0.21846804022789001
        },
        "2": {
            "0": 0.20426705479621887,
            "1": 0.21007560193538666,
            "2": 0.8147556185722351
        }
    }
}