{
    "confidence_score": 0.8814425468444824,
    "ptm": 0.7295409440994263,
    "iptm": 0.6419655084609985,
    "ligand_iptm": 0.0,
    "protein_iptm": 0.6419655084609985,
    "complex_plddt": 0.941311776638031,
    "complex_iplddt": 0.9401471018791199,
    "complex_pde": 0.4685591161251068,
    "complex_ipde": 3.090991258621216,
    "chains_ptm": {
        "0": 0.9878013730049133,
        "1": 0.9885923266410828,
        "2": 0.8290992975234985
    },
    "pair_chains_iptm": {
        "0": {
            "0": 0.9878013730049133,
            "1": 0.9613826870918274,
            "2": 0.6031047701835632
        },
        "1": {
            "0": 0.9629669189453125,
            "1": 0.9885923266410828,
            "2": 0.6253899335861206
        },
        "2": {
            "0": 0.45387670397758484,
            "1": 0.45522603392601013,
            "2": 0.8290992975234985
        }
    }
}