{
    "confidence_score": 0.9026190042495728,
    "ptm": 0.7806654572486877,
    "iptm": 0.744091272354126,
    "ligand_iptm": 0.0,
    "protein_iptm": 0.744091272354126,
    "complex_plddt": 0.9422509074211121,
    "complex_iplddt": 0.9406904578208923,
    "complex_pde": 0.40697383880615234,
    "complex_ipde": 2.1460702419281006,
    "chains_ptm": {
        "0": 0.9896154999732971,
        "1": 0.9901728630065918,
        "2": 0.8504440188407898
    },
    "pair_chains_iptm": {
        "0": {
            "0": 0.9896154999732971,
            "1": 0.9679222702980042,
            "2": 0.732323944568634
        },
        "1": {
            "0": 0.9685012698173523,
            "1": 0.9901728630065918,
            "2": 0.7571783661842346
        },
        "2": {
            "0": 0.5655801296234131,
            "1": 0.5543839335441589,
            "2": 0.8504440188407898
        }
    }
}