{
    "confidence_score": 0.8821415901184082,
    "ptm": 0.7300702333450317,
    "iptm": 0.6429262757301331,
    "ligand_iptm": 0.0,
    "protein_iptm": 0.6429262757301331,
    "complex_plddt": 0.9419454336166382,
    "complex_iplddt": 0.9422411918640137,
    "complex_pde": 0.47244685888290405,
    "complex_ipde": 2.9948019981384277,
    "chains_ptm": {
        "0": 0.9867611527442932,
        "1": 0.9879578948020935,
        "2": 0.8202173113822937
    },
    "pair_chains_iptm": {
        "0": {
            "0": 0.9867611527442932,
            "1": 0.9582669138908386,
            "2": 0.593366801738739
        },
        "1": {
            "0": 0.9606202840805054,
            "1": 0.9879578948020935,
            "2": 0.619904637336731
        },
        "2": {
            "0": 0.44529324769973755,
            "1": 0.456821084022522,
            "2": 0.8202173113822937
        }
    }
}