{
    "confidence_score": 0.8305588960647583,
    "ptm": 0.5973622798919678,
    "iptm": 0.46505677700042725,
    "ligand_iptm": 0.0,
    "protein_iptm": 0.46505677700042725,
    "complex_plddt": 0.9219344258308411,
    "complex_iplddt": 0.9106845259666443,
    "complex_pde": 0.5970146656036377,
    "complex_ipde": 5.749495983123779,
    "chains_ptm": {
        "0": 0.9871382713317871,
        "1": 0.987995982170105,
        "2": 0.8233092427253723
    },
    "pair_chains_iptm": {
        "0": {
            "0": 0.9871382713317871,
            "1": 0.9571709036827087,
            "2": 0.15428628027439117
        },
        "1": {
            "0": 0.9587746858596802,
            "1": 0.987995982170105,
            "2": 0.1638331115245819
        },
        "2": {
            "0": 0.16869239509105682,
            "1": 0.16901656985282898,
            "2": 0.8233092427253723
        }
    }
}