{
    "confidence_score": 0.8834707140922546,
    "ptm": 0.7478880882263184,
    "iptm": 0.6661586761474609,
    "ligand_iptm": 0.0,
    "protein_iptm": 0.6661586761474609,
    "complex_plddt": 0.9377986788749695,
    "complex_iplddt": 0.9322160482406616,
    "complex_pde": 0.4455685615539551,
    "complex_ipde": 2.763540029525757,
    "chains_ptm": {
        "0": 0.9888590574264526,
        "1": 0.9897038340568542,
        "2": 0.8311169147491455
    },
    "pair_chains_iptm": {
        "0": {
            "0": 0.9888590574264526,
            "1": 0.9636543989181519,
            "2": 0.6492159366607666
        },
        "1": {
            "0": 0.9655348658561707,
            "1": 0.9897038340568542,
            "2": 0.6665266752243042
        },
        "2": {
            "0": 0.4942205250263214,
            "1": 0.49057134985923767,
            "2": 0.8311169147491455
        }
    }
}