{
    "confidence_score": 0.887494683265686,
    "ptm": 0.7611945867538452,
    "iptm": 0.687450647354126,
    "ligand_iptm": 0.0,
    "protein_iptm": 0.687450647354126,
    "complex_plddt": 0.9375057220458984,
    "complex_iplddt": 0.9384562373161316,
    "complex_pde": 0.4262975752353668,
    "complex_ipde": 2.553227663040161,
    "chains_ptm": {
        "0": 0.9894997477531433,
        "1": 0.9901155233383179,
        "2": 0.839969277381897
    },
    "pair_chains_iptm": {
        "0": {
            "0": 0.9894997477531433,
            "1": 0.9664924740791321,
            "2": 0.675525963306427
        },
        "1": {
            "0": 0.9676797986030579,
            "1": 0.9901155233383179,
            "2": 0.7011217474937439
        },
        "2": {
            "0": 0.5215944051742554,
            "1": 0.5185187458992004,
            "2": 0.839969277381897
        }
    }
}