{
    "confidence_score": 0.8863059282302856,
    "ptm": 0.7587082386016846,
    "iptm": 0.6805532574653625,
    "ligand_iptm": 0.0,
    "protein_iptm": 0.6805532574653625,
    "complex_plddt": 0.9377440810203552,
    "complex_iplddt": 0.9362248778343201,
    "complex_pde": 0.43046125769615173,
    "complex_ipde": 2.5473287105560303,
    "chains_ptm": {
        "0": 0.989346981048584,
        "1": 0.9899811744689941,
        "2": 0.8342539668083191
    },
    "pair_chains_iptm": {
        "0": {
            "0": 0.989346981048584,
            "1": 0.9663480520248413,
            "2": 0.6680818200111389
        },
        "1": {
            "0": 0.9664997458457947,
            "1": 0.9899811744689941,
            "2": 0.6880074143409729
        },
        "2": {
            "0": 0.52281254529953,
            "1": 0.5116825103759766,
            "2": 0.8342539668083191
        }
    }
}