{
    "confidence_score": 0.8859626054763794,
    "ptm": 0.7470887303352356,
    "iptm": 0.6650798916816711,
    "ligand_iptm": 0.0,
    "protein_iptm": 0.6650798916816711,
    "complex_plddt": 0.9411832094192505,
    "complex_iplddt": 0.9430931806564331,
    "complex_pde": 0.44513776898384094,
    "complex_ipde": 2.7748818397521973,
    "chains_ptm": {
        "0": 0.9888762831687927,
        "1": 0.9896367788314819,
        "2": 0.8334890007972717
    },
    "pair_chains_iptm": {
        "0": {
            "0": 0.9888762831687927,
            "1": 0.9653543829917908,
            "2": 0.6429774761199951
        },
        "1": {
            "0": 0.9658918380737305,
            "1": 0.9896367788314819,
            "2": 0.6695268154144287
        },
        "2": {
            "0": 0.49253007769584656,
            "1": 0.490316778421402,
            "2": 0.8334890007972717
        }
    }
}