{
    "confidence_score": 0.8970540165901184,
    "ptm": 0.7611737847328186,
    "iptm": 0.7122430801391602,
    "ligand_iptm": 0.0,
    "protein_iptm": 0.7122430801391602,
    "complex_plddt": 0.9432567358016968,
    "complex_iplddt": 0.9399363398551941,
    "complex_pde": 0.42630675435066223,
    "complex_ipde": 2.3247692584991455,
    "chains_ptm": {
        "0": 0.9887813925743103,
        "1": 0.989392101764679,
        "2": 0.834031879901886
    },
    "pair_chains_iptm": {
        "0": {
            "0": 0.9887813925743103,
            "1": 0.9653825163841248,
            "2": 0.7028529047966003
        },
        "1": {
            "0": 0.9668893814086914,
            "1": 0.989392101764679,
            "2": 0.7247177958488464
        },
        "2": {
            "0": 0.5309892892837524,
            "1": 0.5186911225318909,
            "2": 0.834031879901886
        }
    }
}