{
    "confidence_score": 0.9082111716270447,
    "ptm": 0.7950620055198669,
    "iptm": 0.7721560597419739,
    "ligand_iptm": 0.0,
    "protein_iptm": 0.7721560597419739,
    "complex_plddt": 0.94222491979599,
    "complex_iplddt": 0.9459553360939026,
    "complex_pde": 0.3878873288631439,
    "complex_ipde": 1.833716869354248,
    "chains_ptm": {
        "0": 0.9906553030014038,
        "1": 0.990973949432373,
        "2": 0.8505248427391052
    },
    "pair_chains_iptm": {
        "0": {
            "0": 0.9906553030014038,
            "1": 0.9710018634796143,
            "2": 0.7621022462844849
        },
        "1": {
            "0": 0.9715422987937927,
            "1": 0.990973949432373,
            "2": 0.7836027145385742
        },
        "2": {
            "0": 0.5988113880157471,
            "1": 0.5857893824577332,
            "2": 0.8505248427391052
        }
    }
}