{
    "confidence_score": 0.8258406519889832,
    "ptm": 0.5830562114715576,
    "iptm": 0.44629666209220886,
    "ligand_iptm": 0.0,
    "protein_iptm": 0.44629666209220886,
    "complex_plddt": 0.9207266569137573,
    "complex_iplddt": 0.9226710796356201,
    "complex_pde": 0.6353375315666199,
    "complex_ipde": 6.3183913230896,
    "chains_ptm": {
        "0": 0.9860719442367554,
        "1": 0.9867300391197205,
        "2": 0.8246158957481384
    },
    "pair_chains_iptm": {
        "0": {
            "0": 0.9860719442367554,
            "1": 0.9525145888328552,
            "2": 0.10879546403884888
        },
        "1": {
            "0": 0.9529479742050171,
            "1": 0.9867300391197205,
            "2": 0.11309287697076797
        },
        "2": {
            "0": 0.13919159770011902,
            "1": 0.14088264107704163,
            "2": 0.8246158957481384
        }
    }
}