{
    "confidence_score": 0.8821528553962708,
    "ptm": 0.7322733402252197,
    "iptm": 0.645475447177887,
    "ligand_iptm": 0.0,
    "protein_iptm": 0.645475447177887,
    "complex_plddt": 0.9413222074508667,
    "complex_iplddt": 0.9464938044548035,
    "complex_pde": 0.4630588889122009,
    "complex_ipde": 3.0840988159179688,
    "chains_ptm": {
        "0": 0.9881190061569214,
        "1": 0.9890702366828918,
        "2": 0.8323580026626587
    },
    "pair_chains_iptm": {
        "0": {
            "0": 0.9881190061569214,
            "1": 0.9621105194091797,
            "2": 0.6087504625320435
        },
        "1": {
            "0": 0.9631072878837585,
            "1": 0.9890702366828918,
            "2": 0.6341609358787537
        },
        "2": {
            "0": 0.4553999602794647,
            "1": 0.45938149094581604,
            "2": 0.8323580026626587
        }
    }
}