{
    "confidence_score": 0.8958963751792908,
    "ptm": 0.761135995388031,
    "iptm": 0.7149059772491455,
    "ligand_iptm": 0.0,
    "protein_iptm": 0.7149059772491455,
    "complex_plddt": 0.9411439299583435,
    "complex_iplddt": 0.9370930194854736,
    "complex_pde": 0.4280681610107422,
    "complex_ipde": 2.398444652557373,
    "chains_ptm": {
        "0": 0.988735556602478,
        "1": 0.9895596504211426,
        "2": 0.8309375643730164
    },
    "pair_chains_iptm": {
        "0": {
            "0": 0.988735556602478,
            "1": 0.9648270606994629,
            "2": 0.7036157846450806
        },
        "1": {
            "0": 0.9664143323898315,
            "1": 0.9895596504211426,
            "2": 0.7282958626747131
        },
        "2": {
            "0": 0.521683931350708,
            "1": 0.5175648927688599,
            "2": 0.8309375643730164
        }
    }
}