{
    "confidence_score": 0.8853828310966492,
    "ptm": 0.7414990663528442,
    "iptm": 0.6576668620109558,
    "ligand_iptm": 0.0,
    "protein_iptm": 0.6576668620109558,
    "complex_plddt": 0.9423118233680725,
    "complex_iplddt": 0.9409932494163513,
    "complex_pde": 0.45117467641830444,
    "complex_ipde": 2.904651403427124,
    "chains_ptm": {
        "0": 0.9882445931434631,
        "1": 0.9894392490386963,
        "2": 0.8337188959121704
    },
    "pair_chains_iptm": {
        "0": {
            "0": 0.9882445931434631,
            "1": 0.9627317190170288,
            "2": 0.6423577666282654
        },
        "1": {
            "0": 0.9649463295936584,
            "1": 0.9894392490386963,
            "2": 0.6692026853561401
        },
        "2": {
            "0": 0.4808027744293213,
            "1": 0.479877233505249,
            "2": 0.8337188959121704
        }
    }
}