{
    "confidence_score": 0.9438275694847107,
    "ptm": 0.9395789504051208,
    "iptm": 0.9474412202835083,
    "ligand_iptm": 0.0,
    "protein_iptm": 0.9474412202835083,
    "complex_plddt": 0.9429241418838501,
    "complex_iplddt": 0.9534367918968201,
    "complex_pde": 0.36355382204055786,
    "complex_ipde": 0.5151032209396362,
    "chains_ptm": {
        "0": 0.9922168850898743,
        "1": 0.991471529006958,
        "2": 0.9417988061904907
    },
    "pair_chains_iptm": {
        "0": {
            "0": 0.9922168850898743,
            "1": 0.9756098389625549,
            "2": 0.9457240104675293
        },
        "1": {
            "0": 0.9746200442314148,
            "1": 0.991471529006958,
            "2": 0.9498112797737122
        },
        "2": {
            "0": 0.8695664405822754,
            "1": 0.8886744976043701,
            "2": 0.9417988061904907
        }
    }
}