{
    "confidence_score": 0.9463528990745544,
    "ptm": 0.9357795715332031,
    "iptm": 0.9433957934379578,
    "ligand_iptm": 0.0,
    "protein_iptm": 0.9433957934379578,
    "complex_plddt": 0.9470921754837036,
    "complex_iplddt": 0.9559581279754639,
    "complex_pde": 0.3678306043148041,
    "complex_ipde": 0.5590617656707764,
    "chains_ptm": {
        "0": 0.9919540286064148,
        "1": 0.990977942943573,
        "2": 0.9401136040687561
    },
    "pair_chains_iptm": {
        "0": {
            "0": 0.9919540286064148,
            "1": 0.9748792052268982,
            "2": 0.9411746859550476
        },
        "1": {
            "0": 0.9746142029762268,
            "1": 0.990977942943573,
            "2": 0.9465247392654419
        },
        "2": {
            "0": 0.8620560765266418,
            "1": 0.8838610053062439,
            "2": 0.9401136040687561
        }
    }
}