{
    "confidence_score": 0.946948230266571,
    "ptm": 0.9339175224304199,
    "iptm": 0.9422976970672607,
    "ligand_iptm": 0.0,
    "protein_iptm": 0.9422976970672607,
    "complex_plddt": 0.948110818862915,
    "complex_iplddt": 0.9565867185592651,
    "complex_pde": 0.37476348876953125,
    "complex_ipde": 0.5644630193710327,
    "chains_ptm": {
        "0": 0.9919924139976501,
        "1": 0.9907709360122681,
        "2": 0.9358860850334167
    },
    "pair_chains_iptm": {
        "0": {
            "0": 0.9919924139976501,
            "1": 0.9743938446044922,
            "2": 0.9407620429992676
        },
        "1": {
            "0": 0.9726207852363586,
            "1": 0.9907709360122681,
            "2": 0.9444692730903625
        },
        "2": {
            "0": 0.8597346544265747,
            "1": 0.8801833987236023,
            "2": 0.9358860850334167
        }
    }
}