{
    "confidence_score": 0.9416764378547668,
    "ptm": 0.9318720698356628,
    "iptm": 0.9398404359817505,
    "ligand_iptm": 0.0,
    "protein_iptm": 0.9398404359817505,
    "complex_plddt": 0.9421354532241821,
    "complex_iplddt": 0.9533006548881531,
    "complex_pde": 0.3903043568134308,
    "complex_ipde": 0.5742740631103516,
    "chains_ptm": {
        "0": 0.9915010333061218,
        "1": 0.9903884530067444,
        "2": 0.9338774681091309
    },
    "pair_chains_iptm": {
        "0": {
            "0": 0.9915010333061218,
            "1": 0.9733259677886963,
            "2": 0.9374879598617554
        },
        "1": {
            "0": 0.9724706411361694,
            "1": 0.9903884530067444,
            "2": 0.9425447583198547
        },
        "2": {
            "0": 0.8523915410041809,
            "1": 0.8756359219551086,
            "2": 0.9338774681091309
        }
    }
}