{
    "confidence_score": 0.948431134223938,
    "ptm": 0.9409669637680054,
    "iptm": 0.9481716156005859,
    "ligand_iptm": 0.0,
    "protein_iptm": 0.9481716156005859,
    "complex_plddt": 0.9484959840774536,
    "complex_iplddt": 0.9566534757614136,
    "complex_pde": 0.3558216094970703,
    "complex_ipde": 0.5322632193565369,
    "chains_ptm": {
        "0": 0.9925513863563538,
        "1": 0.9914323091506958,
        "2": 0.9438244700431824
    },
    "pair_chains_iptm": {
        "0": {
            "0": 0.9925513863563538,
            "1": 0.9762694835662842,
            "2": 0.9465665817260742
        },
        "1": {
            "0": 0.9740657210350037,
            "1": 0.9914323091506958,
            "2": 0.9514167904853821
        },
        "2": {
            "0": 0.8727216124534607,
            "1": 0.8930380940437317,
            "2": 0.9438244700431824
        }
    }
}