{
    "confidence_score": 0.9464374780654907,
    "ptm": 0.9321242570877075,
    "iptm": 0.942420482635498,
    "ligand_iptm": 0.0,
    "protein_iptm": 0.942420482635498,
    "complex_plddt": 0.9474416971206665,
    "complex_iplddt": 0.9560877084732056,
    "complex_pde": 0.3823391795158386,
    "complex_ipde": 0.5682119727134705,
    "chains_ptm": {
        "0": 0.9918767809867859,
        "1": 0.9906723499298096,
        "2": 0.9323340654373169
    },
    "pair_chains_iptm": {
        "0": {
            "0": 0.9918767809867859,
            "1": 0.9739121794700623,
            "2": 0.9406793713569641
        },
        "1": {
            "0": 0.9724551439285278,
            "1": 0.9906723499298096,
            "2": 0.9447584748268127
        },
        "2": {
            "0": 0.8560296297073364,
            "1": 0.8774099349975586,
            "2": 0.9323340654373169
        }
    }
}