{
    "confidence_score": 0.9415752291679382,
    "ptm": 0.933193564414978,
    "iptm": 0.9415284991264343,
    "ligand_iptm": 0.0,
    "protein_iptm": 0.9415284991264343,
    "complex_plddt": 0.941586971282959,
    "complex_iplddt": 0.95337975025177,
    "complex_pde": 0.38558998703956604,
    "complex_ipde": 0.5563145875930786,
    "chains_ptm": {
        "0": 0.991448700428009,
        "1": 0.9901323914527893,
        "2": 0.9351410865783691
    },
    "pair_chains_iptm": {
        "0": {
            "0": 0.991448700428009,
            "1": 0.9729176163673401,
            "2": 0.9398319125175476
        },
        "1": {
            "0": 0.9711884260177612,
            "1": 0.9901323914527893,
            "2": 0.9442732930183411
        },
        "2": {
            "0": 0.8561713695526123,
            "1": 0.8792010545730591,
            "2": 0.9351410865783691
        }
    }
}