{
    "confidence_score": 0.9442381858825684,
    "ptm": 0.9382102489471436,
    "iptm": 0.9441633224487305,
    "ligand_iptm": 0.0,
    "protein_iptm": 0.9441633224487305,
    "complex_plddt": 0.9442569017410278,
    "complex_iplddt": 0.9541083574295044,
    "complex_pde": 0.36633434891700745,
    "complex_ipde": 0.546293318271637,
    "chains_ptm": {
        "0": 0.9918888807296753,
        "1": 0.9906342625617981,
        "2": 0.9438621997833252
    },
    "pair_chains_iptm": {
        "0": {
            "0": 0.9918888807296753,
            "1": 0.9742181301116943,
            "2": 0.9424615502357483
        },
        "1": {
            "0": 0.9723314046859741,
            "1": 0.9906342625617981,
            "2": 0.9466093182563782
        },
        "2": {
            "0": 0.8654170632362366,
            "1": 0.8861648440361023,
            "2": 0.9438621997833252
        }
    }
}