{
    "confidence_score": 0.9417508244514465,
    "ptm": 0.9359787106513977,
    "iptm": 0.9423548579216003,
    "ligand_iptm": 0.0,
    "protein_iptm": 0.9423548579216003,
    "complex_plddt": 0.9415997862815857,
    "complex_iplddt": 0.953062891960144,
    "complex_pde": 0.37243416905403137,
    "complex_ipde": 0.564734697341919,
    "chains_ptm": {
        "0": 0.9917722940444946,
        "1": 0.9901905059814453,
        "2": 0.9415381550788879
    },
    "pair_chains_iptm": {
        "0": {
            "0": 0.9917722940444946,
            "1": 0.9739030599594116,
            "2": 0.9406483173370361
        },
        "1": {
            "0": 0.9722847938537598,
            "1": 0.9901905059814453,
            "2": 0.9441710114479065
        },
        "2": {
            "0": 0.8608682751655579,
            "1": 0.8833452463150024,
            "2": 0.9415381550788879
        }
    }
}