{
    "confidence_score": 0.9479463696479797,
    "ptm": 0.9335702061653137,
    "iptm": 0.9390488862991333,
    "ligand_iptm": 0.0,
    "protein_iptm": 0.9390488862991333,
    "complex_plddt": 0.9501707553863525,
    "complex_iplddt": 0.9579634070396423,
    "complex_pde": 0.37681499123573303,
    "complex_ipde": 0.5843895077705383,
    "chains_ptm": {
        "0": 0.9916504621505737,
        "1": 0.9903640151023865,
        "2": 0.9375395774841309
    },
    "pair_chains_iptm": {
        "0": {
            "0": 0.9916504621505737,
            "1": 0.973260223865509,
            "2": 0.9372448325157166
        },
        "1": {
            "0": 0.9716748595237732,
            "1": 0.9903640151023865,
            "2": 0.9416490793228149
        },
        "2": {
            "0": 0.8564329743385315,
            "1": 0.8791059851646423,
            "2": 0.9375395774841309
        }
    }
}