{
    "confidence_score": 0.9470500946044922,
    "ptm": 0.9412680864334106,
    "iptm": 0.947435200214386,
    "ligand_iptm": 0.0,
    "protein_iptm": 0.947435200214386,
    "complex_plddt": 0.9469537734985352,
    "complex_iplddt": 0.9553869962692261,
    "complex_pde": 0.3601360619068146,
    "complex_ipde": 0.5263136029243469,
    "chains_ptm": {
        "0": 0.9924207925796509,
        "1": 0.9908944964408875,
        "2": 0.9457200169563293
    },
    "pair_chains_iptm": {
        "0": {
            "0": 0.9924207925796509,
            "1": 0.975492537021637,
            "2": 0.946513831615448
        },
        "1": {
            "0": 0.9737852215766907,
            "1": 0.9908944964408875,
            "2": 0.9493371248245239
        },
        "2": {
            "0": 0.8715588450431824,
            "1": 0.8913370370864868,
            "2": 0.9457200169563293
        }
    }
}