{
    "confidence_score": 0.9459603428840637,
    "ptm": 0.9346030354499817,
    "iptm": 0.9397143125534058,
    "ligand_iptm": 0.0,
    "protein_iptm": 0.9397143125534058,
    "complex_plddt": 0.9475218653678894,
    "complex_iplddt": 0.955202043056488,
    "complex_pde": 0.36897990107536316,
    "complex_ipde": 0.5735675096511841,
    "chains_ptm": {
        "0": 0.991594672203064,
        "1": 0.9905688762664795,
        "2": 0.9401049017906189
    },
    "pair_chains_iptm": {
        "0": {
            "0": 0.991594672203064,
            "1": 0.9736937284469604,
            "2": 0.9386234879493713
        },
        "1": {
            "0": 0.9728331565856934,
            "1": 0.9905688762664795,
            "2": 0.940875232219696
        },
        "2": {
            "0": 0.8582435250282288,
            "1": 0.8758869767189026,
            "2": 0.9401049017906189
        }
    }
}