{
    "confidence_score": 0.944065272808075,
    "ptm": 0.9314942955970764,
    "iptm": 0.9384512901306152,
    "ligand_iptm": 0.0,
    "protein_iptm": 0.9384512901306152,
    "complex_plddt": 0.9454687833786011,
    "complex_iplddt": 0.9541907906532288,
    "complex_pde": 0.38706403970718384,
    "complex_ipde": 0.5800092816352844,
    "chains_ptm": {
        "0": 0.9917704463005066,
        "1": 0.9904188513755798,
        "2": 0.9343043565750122
    },
    "pair_chains_iptm": {
        "0": {
            "0": 0.9917704463005066,
            "1": 0.9732089638710022,
            "2": 0.9366702437400818
        },
        "1": {
            "0": 0.9715703725814819,
            "1": 0.9904188513755798,
            "2": 0.9422116875648499
        },
        "2": {
            "0": 0.8524796962738037,
            "1": 0.8753612637519836,
            "2": 0.9343043565750122
        }
    }
}