{
    "confidence_score": 0.9447060823440552,
    "ptm": 0.9459514021873474,
    "iptm": 0.9510349631309509,
    "ligand_iptm": 0.0,
    "protein_iptm": 0.9510349631309509,
    "complex_plddt": 0.9431238770484924,
    "complex_iplddt": 0.9530500173568726,
    "complex_pde": 0.34571611881256104,
    "complex_ipde": 0.48654162883758545,
    "chains_ptm": {
        "0": 0.9927414655685425,
        "1": 0.9920912384986877,
        "2": 0.9515618681907654
    },
    "pair_chains_iptm": {
        "0": {
            "0": 0.9927414655685425,
            "1": 0.9770974516868591,
            "2": 0.9494094252586365
        },
        "1": {
            "0": 0.9765500426292419,
            "1": 0.9920912384986877,
            "2": 0.9534642696380615
        },
        "2": {
            "0": 0.8797912001609802,
            "1": 0.8982590436935425,
            "2": 0.9515618681907654
        }
    }
}