{
    "confidence_score": 0.9419389963150024,
    "ptm": 0.9443616271018982,
    "iptm": 0.950524628162384,
    "ligand_iptm": 0.0,
    "protein_iptm": 0.950524628162384,
    "complex_plddt": 0.9397925734519958,
    "complex_iplddt": 0.9519181847572327,
    "complex_pde": 0.3530137538909912,
    "complex_ipde": 0.49308788776397705,
    "chains_ptm": {
        "0": 0.9922935366630554,
        "1": 0.9916192293167114,
        "2": 0.9497109651565552
    },
    "pair_chains_iptm": {
        "0": {
            "0": 0.9922935366630554,
            "1": 0.9761945009231567,
            "2": 0.9487192630767822
        },
        "1": {
            "0": 0.9743154644966125,
            "1": 0.9916192293167114,
            "2": 0.9529102444648743
        },
        "2": {
            "0": 0.8785259127616882,
            "1": 0.8984760046005249,
            "2": 0.9497109651565552
        }
    }
}