{
    "confidence_score": 0.9424899220466614,
    "ptm": 0.9365619421005249,
    "iptm": 0.9427433013916016,
    "ligand_iptm": 0.0,
    "protein_iptm": 0.9427433013916016,
    "complex_plddt": 0.9424265623092651,
    "complex_iplddt": 0.9541322588920593,
    "complex_pde": 0.371269553899765,
    "complex_ipde": 0.5436974763870239,
    "chains_ptm": {
        "0": 0.9917295575141907,
        "1": 0.9903761744499207,
        "2": 0.9408285021781921
    },
    "pair_chains_iptm": {
        "0": {
            "0": 0.9917295575141907,
            "1": 0.9739677906036377,
            "2": 0.9410723447799683
        },
        "1": {
            "0": 0.9721899628639221,
            "1": 0.9903761744499207,
            "2": 0.9454396963119507
        },
        "2": {
            "0": 0.8623894453048706,
            "1": 0.8845162987709045,
            "2": 0.9408285021781921
        }
    }
}