{
    "confidence_score": 0.9437527656555176,
    "ptm": 0.939455509185791,
    "iptm": 0.9456220865249634,
    "ligand_iptm": 0.0,
    "protein_iptm": 0.9456220865249634,
    "complex_plddt": 0.9432854652404785,
    "complex_iplddt": 0.9534572958946228,
    "complex_pde": 0.3648017942905426,
    "complex_ipde": 0.5483839511871338,
    "chains_ptm": {
        "0": 0.9920812249183655,
        "1": 0.9906732439994812,
        "2": 0.9438571929931641
    },
    "pair_chains_iptm": {
        "0": {
            "0": 0.9920812249183655,
            "1": 0.9747165441513062,
            "2": 0.9443374276161194
        },
        "1": {
            "0": 0.9731810092926025,
            "1": 0.9906732439994812,
            "2": 0.9477909207344055
        },
        "2": {
            "0": 0.8682426810264587,
            "1": 0.8879468441009521,
            "2": 0.9438571929931641
        }
    }
}