{
    "confidence_score": 0.9441646933555603,
    "ptm": 0.9357383251190186,
    "iptm": 0.9435006380081177,
    "ligand_iptm": 0.0,
    "protein_iptm": 0.9435006380081177,
    "complex_plddt": 0.9443306922912598,
    "complex_iplddt": 0.9540555477142334,
    "complex_pde": 0.3765941262245178,
    "complex_ipde": 0.5511253476142883,
    "chains_ptm": {
        "0": 0.9922066330909729,
        "1": 0.9908187389373779,
        "2": 0.9377881288528442
    },
    "pair_chains_iptm": {
        "0": {
            "0": 0.9922066330909729,
            "1": 0.9748405814170837,
            "2": 0.9420456886291504
        },
        "1": {
            "0": 0.9729991555213928,
            "1": 0.9908187389373779,
            "2": 0.9464519023895264
        },
        "2": {
            "0": 0.863487958908081,
            "1": 0.8833886384963989,
            "2": 0.9377881288528442
        }
    }
}