{
    "confidence_score": 0.947587788105011,
    "ptm": 0.9318889379501343,
    "iptm": 0.9391481280326843,
    "ligand_iptm": 0.0,
    "protein_iptm": 0.9391481280326843,
    "complex_plddt": 0.949697732925415,
    "complex_iplddt": 0.9584802985191345,
    "complex_pde": 0.38255178928375244,
    "complex_ipde": 0.5873932242393494,
    "chains_ptm": {
        "0": 0.9916996955871582,
        "1": 0.9901905059814453,
        "2": 0.9330248236656189
    },
    "pair_chains_iptm": {
        "0": {
            "0": 0.9916996955871582,
            "1": 0.9733293056488037,
            "2": 0.9378454089164734
        },
        "1": {
            "0": 0.9721195101737976,
            "1": 0.9901905059814453,
            "2": 0.9408711194992065
        },
        "2": {
            "0": 0.8542538285255432,
            "1": 0.875522792339325,
            "2": 0.9330248236656189
        }
    }
}