{
    "confidence_score": 0.9476775527000427,
    "ptm": 0.9386180639266968,
    "iptm": 0.9476430416107178,
    "ligand_iptm": 0.0,
    "protein_iptm": 0.9476430416107178,
    "complex_plddt": 0.9476861357688904,
    "complex_iplddt": 0.9566128253936768,
    "complex_pde": 0.36425450444221497,
    "complex_ipde": 0.5372592806816101,
    "chains_ptm": {
        "0": 0.9924300909042358,
        "1": 0.9913386702537537,
        "2": 0.9407283067703247
    },
    "pair_chains_iptm": {
        "0": {
            "0": 0.9924300909042358,
            "1": 0.9758809208869934,
            "2": 0.9464395642280579
        },
        "1": {
            "0": 0.974315881729126,
            "1": 0.9913386702537537,
            "2": 0.9497142434120178
        },
        "2": {
            "0": 0.868598222732544,
            "1": 0.888008713722229,
            "2": 0.9407283067703247
        }
    }
}