{
    "confidence_score": 0.9449144601821899,
    "ptm": 0.9391100406646729,
    "iptm": 0.9447104930877686,
    "ligand_iptm": 0.0,
    "protein_iptm": 0.9447104930877686,
    "complex_plddt": 0.9449653625488281,
    "complex_iplddt": 0.9547792673110962,
    "complex_pde": 0.36252954602241516,
    "complex_ipde": 0.5302430987358093,
    "chains_ptm": {
        "0": 0.9919792413711548,
        "1": 0.9907532930374146,
        "2": 0.9432100653648376
    },
    "pair_chains_iptm": {
        "0": {
            "0": 0.9919792413711548,
            "1": 0.974494993686676,
            "2": 0.9430540204048157
        },
        "1": {
            "0": 0.9741186499595642,
            "1": 0.9907532930374146,
            "2": 0.9472488760948181
        },
        "2": {
            "0": 0.8657886981964111,
            "1": 0.8870382905006409,
            "2": 0.9432100653648376
        }
    }
}