{
    "confidence_score": 0.9452674984931946,
    "ptm": 0.9386441707611084,
    "iptm": 0.9494163990020752,
    "ligand_iptm": 0.0,
    "protein_iptm": 0.9494163990020752,
    "complex_plddt": 0.9442301988601685,
    "complex_iplddt": 0.9546566605567932,
    "complex_pde": 0.36314889788627625,
    "complex_ipde": 0.5206370949745178,
    "chains_ptm": {
        "0": 0.9926044344902039,
        "1": 0.991576075553894,
        "2": 0.9382284283638
    },
    "pair_chains_iptm": {
        "0": {
            "0": 0.9926044344902039,
            "1": 0.9765770435333252,
            "2": 0.9480821490287781
        },
        "1": {
            "0": 0.9758745431900024,
            "1": 0.991576075553894,
            "2": 0.9521183967590332
        },
        "2": {
            "0": 0.8703075051307678,
            "1": 0.8897221684455872,
            "2": 0.9382284283638
        }
    }
}