{
    "confidence_score": 0.9384527206420898,
    "ptm": 0.9418440461158752,
    "iptm": 0.9446880221366882,
    "ligand_iptm": 0.0,
    "protein_iptm": 0.9446880221366882,
    "complex_plddt": 0.936893880367279,
    "complex_iplddt": 0.9518221020698547,
    "complex_pde": 0.3530432879924774,
    "complex_ipde": 0.5265508890151978,
    "chains_ptm": {
        "0": 0.9922291040420532,
        "1": 0.9906794428825378,
        "2": 0.9502960443496704
    },
    "pair_chains_iptm": {
        "0": {
            "0": 0.9922291040420532,
            "1": 0.9748011827468872,
            "2": 0.9429645538330078
        },
        "1": {
            "0": 0.973103404045105,
            "1": 0.9906794428825378,
            "2": 0.9472451210021973
        },
        "2": {
            "0": 0.8724908828735352,
            "1": 0.8946552276611328,
            "2": 0.9502960443496704
        }
    }
}