{
    "confidence_score": 0.9441736340522766,
    "ptm": 0.9352395534515381,
    "iptm": 0.9433028697967529,
    "ligand_iptm": 0.0,
    "protein_iptm": 0.9433028697967529,
    "complex_plddt": 0.9443913102149963,
    "complex_iplddt": 0.9553278088569641,
    "complex_pde": 0.3766706585884094,
    "complex_ipde": 0.5463501214981079,
    "chains_ptm": {
        "0": 0.9920477271080017,
        "1": 0.9907928705215454,
        "2": 0.9364166259765625
    },
    "pair_chains_iptm": {
        "0": {
            "0": 0.9920477271080017,
            "1": 0.9744951128959656,
            "2": 0.9418317079544067
        },
        "1": {
            "0": 0.9726448655128479,
            "1": 0.9907928705215454,
            "2": 0.9462947249412537
        },
        "2": {
            "0": 0.8610210418701172,
            "1": 0.8813875317573547,
            "2": 0.9364166259765625
        }
    }
}