{
    "confidence_score": 0.9499472975730896,
    "ptm": 0.9460968375205994,
    "iptm": 0.9485188722610474,
    "ligand_iptm": 0.0,
    "protein_iptm": 0.9485188722610474,
    "complex_plddt": 0.9503043293952942,
    "complex_iplddt": 0.9576190114021301,
    "complex_pde": 0.33326464891433716,
    "complex_ipde": 0.49826163053512573,
    "chains_ptm": {
        "0": 0.9923529624938965,
        "1": 0.9914944171905518,
        "2": 0.953803539276123
    },
    "pair_chains_iptm": {
        "0": {
            "0": 0.9923529624938965,
            "1": 0.9756595492362976,
            "2": 0.9472180604934692
        },
        "1": {
            "0": 0.9740755558013916,
            "1": 0.9914944171905518,
            "2": 0.9519268870353699
        },
        "2": {
            "0": 0.8802505135536194,
            "1": 0.9007225632667542,
            "2": 0.953803539276123
        }
    }
}