{
    "confidence_score": 0.9426089525222778,
    "ptm": 0.9550634622573853,
    "iptm": 0.9375628232955933,
    "ligand_iptm": 0.0,
    "protein_iptm": 0.9375628232955933,
    "complex_plddt": 0.9438704252243042,
    "complex_iplddt": 0.920824408531189,
    "complex_pde": 0.31754058599472046,
    "complex_ipde": 0.8431873321533203,
    "chains_ptm": {
        "0": 0.9916145205497742,
        "1": 0.9923542737960815,
        "2": 0.9786431789398193
    },
    "pair_chains_iptm": {
        "0": {
            "0": 0.9916145205497742,
            "1": 0.9755831956863403,
            "2": 0.8654721975326538
        },
        "1": {
            "0": 0.9748170375823975,
            "1": 0.9923542737960815,
            "2": 0.8707100749015808
        },
        "2": {
            "0": 0.8897269368171692,
            "1": 0.8972328901290894,
            "2": 0.9786431789398193
        }
    }
}