{
    "confidence_score": 0.9444084167480469,
    "ptm": 0.9626925587654114,
    "iptm": 0.9486668109893799,
    "ligand_iptm": 0.0,
    "protein_iptm": 0.9486668109893799,
    "complex_plddt": 0.9433438777923584,
    "complex_iplddt": 0.9185739159584045,
    "complex_pde": 0.30694901943206787,
    "complex_ipde": 0.6938241720199585,
    "chains_ptm": {
        "0": 0.9920145869255066,
        "1": 0.9925792217254639,
        "2": 0.9788348078727722
    },
    "pair_chains_iptm": {
        "0": {
            "0": 0.9920145869255066,
            "1": 0.9766737222671509,
            "2": 0.894943356513977
        },
        "1": {
            "0": 0.976017951965332,
            "1": 0.9925792217254639,
            "2": 0.8976842761039734
        },
        "2": {
            "0": 0.9150475859642029,
            "1": 0.9194146990776062,
            "2": 0.9788348078727722
        }
    }
}