{
    "confidence_score": 0.9418461918830872,
    "ptm": 0.9553064107894897,
    "iptm": 0.9381211400032043,
    "ligand_iptm": 0.0,
    "protein_iptm": 0.9381211400032043,
    "complex_plddt": 0.9427774548530579,
    "complex_iplddt": 0.9170729517936707,
    "complex_pde": 0.3203382194042206,
    "complex_ipde": 0.8608697652816772,
    "chains_ptm": {
        "0": 0.9913389086723328,
        "1": 0.991925060749054,
        "2": 0.9784209728240967
    },
    "pair_chains_iptm": {
        "0": {
            "0": 0.9913389086723328,
            "1": 0.9736725687980652,
            "2": 0.8708509802818298
        },
        "1": {
            "0": 0.9735186100006104,
            "1": 0.991925060749054,
            "2": 0.8747225403785706
        },
        "2": {
            "0": 0.8959812521934509,
            "1": 0.9001594185829163,
            "2": 0.9784209728240967
        }
    }
}