{
    "confidence_score": 0.9443718194961548,
    "ptm": 0.9524227976799011,
    "iptm": 0.9342522025108337,
    "ligand_iptm": 0.0,
    "protein_iptm": 0.9342522025108337,
    "complex_plddt": 0.9469016790390015,
    "complex_iplddt": 0.9263427257537842,
    "complex_pde": 0.32853034138679504,
    "complex_ipde": 0.8873367309570312,
    "chains_ptm": {
        "0": 0.9907137155532837,
        "1": 0.9911414980888367,
        "2": 0.9750580191612244
    },
    "pair_chains_iptm": {
        "0": {
            "0": 0.9907137155532837,
            "1": 0.9712889194488525,
            "2": 0.8582863807678223
        },
        "1": {
            "0": 0.9714224934577942,
            "1": 0.9911414980888367,
            "2": 0.8629733920097351
        },
        "2": {
            "0": 0.889885663986206,
            "1": 0.8946558237075806,
            "2": 0.9750580191612244
        }
    }
}