{
    "confidence_score": 0.9416231513023376,
    "ptm": 0.9559555053710938,
    "iptm": 0.9389820694923401,
    "ligand_iptm": 0.0,
    "protein_iptm": 0.9389820694923401,
    "complex_plddt": 0.9422833323478699,
    "complex_iplddt": 0.9181040525436401,
    "complex_pde": 0.3156338036060333,
    "complex_ipde": 0.8315135836601257,
    "chains_ptm": {
        "0": 0.9916841387748718,
        "1": 0.9921228289604187,
        "2": 0.9792072176933289
    },
    "pair_chains_iptm": {
        "0": {
            "0": 0.9916841387748718,
            "1": 0.9748479127883911,
            "2": 0.8760947585105896
        },
        "1": {
            "0": 0.9743310809135437,
            "1": 0.9921228289604187,
            "2": 0.8766019940376282
        },
        "2": {
            "0": 0.8987963795661926,
            "1": 0.9007234573364258,
            "2": 0.9792072176933289
        }
    }
}