{
    "confidence_score": 0.9465181231498718,
    "ptm": 0.9611541032791138,
    "iptm": 0.9464089274406433,
    "ligand_iptm": 0.0,
    "protein_iptm": 0.9464089274406433,
    "complex_plddt": 0.946545422077179,
    "complex_iplddt": 0.9268364906311035,
    "complex_pde": 0.30511948466300964,
    "complex_ipde": 0.6994627714157104,
    "chains_ptm": {
        "0": 0.9920512437820435,
        "1": 0.9925737380981445,
        "2": 0.9801600575447083
    },
    "pair_chains_iptm": {
        "0": {
            "0": 0.9920512437820435,
            "1": 0.9762434363365173,
            "2": 0.8911610245704651
        },
        "1": {
            "0": 0.9758798480033875,
            "1": 0.9925737380981445,
            "2": 0.8922426104545593
        },
        "2": {
            "0": 0.9118385314941406,
            "1": 0.9147175550460815,
            "2": 0.9801600575447083
        }
    }
}