{
    "confidence_score": 0.9409806132316589,
    "ptm": 0.9496046304702759,
    "iptm": 0.9300187230110168,
    "ligand_iptm": 0.0,
    "protein_iptm": 0.9300187230110168,
    "complex_plddt": 0.9437210559844971,
    "complex_iplddt": 0.9236329197883606,
    "complex_pde": 0.327065646648407,
    "complex_ipde": 0.8961408138275146,
    "chains_ptm": {
        "0": 0.9907480478286743,
        "1": 0.9913386702537537,
        "2": 0.9761195182800293
    },
    "pair_chains_iptm": {
        "0": {
            "0": 0.9907480478286743,
            "1": 0.9719729423522949,
            "2": 0.8502996563911438
        },
        "1": {
            "0": 0.9716172814369202,
            "1": 0.9913386702537537,
            "2": 0.8538051843643188
        },
        "2": {
            "0": 0.8814712166786194,
            "1": 0.8847599625587463,
            "2": 0.9761195182800293
        }
    }
}