{
    "confidence_score": 0.9441244006156921,
    "ptm": 0.956702470779419,
    "iptm": 0.9398741126060486,
    "ligand_iptm": 0.0,
    "protein_iptm": 0.9398741126060486,
    "complex_plddt": 0.945186972618103,
    "complex_iplddt": 0.922940194606781,
    "complex_pde": 0.31332314014434814,
    "complex_ipde": 0.8214961290359497,
    "chains_ptm": {
        "0": 0.9919914603233337,
        "1": 0.992560863494873,
        "2": 0.9803078770637512
    },
    "pair_chains_iptm": {
        "0": {
            "0": 0.9919914603233337,
            "1": 0.9759605526924133,
            "2": 0.8747783303260803
        },
        "1": {
            "0": 0.9752981662750244,
            "1": 0.992560863494873,
            "2": 0.8767421245574951
        },
        "2": {
            "0": 0.8975147008895874,
            "1": 0.9018290638923645,
            "2": 0.9803078770637512
        }
    }
}