{
    "confidence_score": 0.9442551732063293,
    "ptm": 0.9566106796264648,
    "iptm": 0.9401080012321472,
    "ligand_iptm": 0.0,
    "protein_iptm": 0.9401080012321472,
    "complex_plddt": 0.9452919960021973,
    "complex_iplddt": 0.9244145154953003,
    "complex_pde": 0.31839317083358765,
    "complex_ipde": 0.8055004477500916,
    "chains_ptm": {
        "0": 0.9909288883209229,
        "1": 0.9917750358581543,
        "2": 0.9778723120689392
    },
    "pair_chains_iptm": {
        "0": {
            "0": 0.9909288883209229,
            "1": 0.9730701446533203,
            "2": 0.8744118809700012
        },
        "1": {
            "0": 0.9723722338676453,
            "1": 0.9917750358581543,
            "2": 0.8822456002235413
        },
        "2": {
            "0": 0.8974295258522034,
            "1": 0.9049584269523621,
            "2": 0.9778723120689392
        }
    }
}