{
    "confidence_score": 0.9426156878471375,
    "ptm": 0.9520134329795837,
    "iptm": 0.933399498462677,
    "ligand_iptm": 0.0,
    "protein_iptm": 0.933399498462677,
    "complex_plddt": 0.944919764995575,
    "complex_iplddt": 0.9218286871910095,
    "complex_pde": 0.3253999352455139,
    "complex_ipde": 0.8922874331474304,
    "chains_ptm": {
        "0": 0.9906135201454163,
        "1": 0.9916767477989197,
        "2": 0.9771996736526489
    },
    "pair_chains_iptm": {
        "0": {
            "0": 0.9906135201454163,
            "1": 0.9727681279182434,
            "2": 0.8558672070503235
        },
        "1": {
            "0": 0.9721654653549194,
            "1": 0.9916767477989197,
            "2": 0.8635233044624329
        },
        "2": {
            "0": 0.882864773273468,
            "1": 0.8914579153060913,
            "2": 0.9771996736526489
        }
    }
}