{
    "confidence_score": 0.9456449747085571,
    "ptm": 0.9523670077323914,
    "iptm": 0.9338873624801636,
    "ligand_iptm": 0.0,
    "protein_iptm": 0.9338873624801636,
    "complex_plddt": 0.9485843777656555,
    "complex_iplddt": 0.9277793169021606,
    "complex_pde": 0.32550743222236633,
    "complex_ipde": 0.9083227515220642,
    "chains_ptm": {
        "0": 0.9909256100654602,
        "1": 0.9917438626289368,
        "2": 0.9772480726242065
    },
    "pair_chains_iptm": {
        "0": {
            "0": 0.9909256100654602,
            "1": 0.9727101922035217,
            "2": 0.8617264628410339
        },
        "1": {
            "0": 0.9725335240364075,
            "1": 0.9917438626289368,
            "2": 0.8681987524032593
        },
        "2": {
            "0": 0.8877911567687988,
            "1": 0.8923651576042175,
            "2": 0.9772480726242065
        }
    }
}