{
    "confidence_score": 0.9439749121665955,
    "ptm": 0.9559667110443115,
    "iptm": 0.9389641284942627,
    "ligand_iptm": 0.0,
    "protein_iptm": 0.9389641284942627,
    "complex_plddt": 0.9452276229858398,
    "complex_iplddt": 0.9215112328529358,
    "complex_pde": 0.3196967542171478,
    "complex_ipde": 0.8635022640228271,
    "chains_ptm": {
        "0": 0.991405189037323,
        "1": 0.9921965003013611,
        "2": 0.9785538911819458
    },
    "pair_chains_iptm": {
        "0": {
            "0": 0.991405189037323,
            "1": 0.974210798740387,
            "2": 0.866506040096283
        },
        "1": {
            "0": 0.9738324880599976,
            "1": 0.9921965003013611,
            "2": 0.8764268755912781
        },
        "2": {
            "0": 0.8939477205276489,
            "1": 0.9012359380722046,
            "2": 0.9785538911819458
        }
    }
}