{
    "confidence_score": 0.9441084265708923,
    "ptm": 0.963161289691925,
    "iptm": 0.9493629932403564,
    "ligand_iptm": 0.0,
    "protein_iptm": 0.9493629932403564,
    "complex_plddt": 0.9427947402000427,
    "complex_iplddt": 0.9177479147911072,
    "complex_pde": 0.3026779294013977,
    "complex_ipde": 0.6560922265052795,
    "chains_ptm": {
        "0": 0.9921469688415527,
        "1": 0.9925630688667297,
        "2": 0.9799867272377014
    },
    "pair_chains_iptm": {
        "0": {
            "0": 0.9921469688415527,
            "1": 0.9763906598091125,
            "2": 0.9000176787376404
        },
        "1": {
            "0": 0.9758498072624207,
            "1": 0.9925630688667297,
            "2": 0.901623547077179
        },
        "2": {
            "0": 0.9161838293075562,
            "1": 0.9206921458244324,
            "2": 0.9799867272377014
        }
    }
}