{
    "confidence_score": 0.9412461519241333,
    "ptm": 0.955978512763977,
    "iptm": 0.9390846490859985,
    "ligand_iptm": 0.0,
    "protein_iptm": 0.9390846490859985,
    "complex_plddt": 0.9417864680290222,
    "complex_iplddt": 0.9171933531761169,
    "complex_pde": 0.31689026951789856,
    "complex_ipde": 0.8514242768287659,
    "chains_ptm": {
        "0": 0.9915356040000916,
        "1": 0.9919766783714294,
        "2": 0.9795235991477966
    },
    "pair_chains_iptm": {
        "0": {
            "0": 0.9915356040000916,
            "1": 0.974162220954895,
            "2": 0.8773989081382751
        },
        "1": {
            "0": 0.9732467532157898,
            "1": 0.9919766783714294,
            "2": 0.8812276124954224
        },
        "2": {
            "0": 0.8975011706352234,
            "1": 0.9022435545921326,
            "2": 0.9795235991477966
        }
    }
}