{
    "confidence_score": 0.9439544677734375,
    "ptm": 0.9640563726425171,
    "iptm": 0.9504644274711609,
    "ligand_iptm": 0.0,
    "protein_iptm": 0.9504644274711609,
    "complex_plddt": 0.9423269629478455,
    "complex_iplddt": 0.9199002981185913,
    "complex_pde": 0.3031221926212311,
    "complex_ipde": 0.6973123550415039,
    "chains_ptm": {
        "0": 0.9924779534339905,
        "1": 0.9930186867713928,
        "2": 0.9806975722312927
    },
    "pair_chains_iptm": {
        "0": {
            "0": 0.9924779534339905,
            "1": 0.9778137803077698,
            "2": 0.8980920314788818
        },
        "1": {
            "0": 0.9771369695663452,
            "1": 0.9930186867713928,
            "2": 0.9010956883430481
        },
        "2": {
            "0": 0.9173455238342285,
            "1": 0.9218373894691467,
            "2": 0.9806975722312927
        }
    }
}