{
    "confidence_score": 0.9471417665481567,
    "ptm": 0.961829423904419,
    "iptm": 0.9468356370925903,
    "ligand_iptm": 0.0,
    "protein_iptm": 0.9468356370925903,
    "complex_plddt": 0.9472182393074036,
    "complex_iplddt": 0.9273589849472046,
    "complex_pde": 0.3019401431083679,
    "complex_ipde": 0.647400975227356,
    "chains_ptm": {
        "0": 0.9921637773513794,
        "1": 0.9926019906997681,
        "2": 0.9796523451805115
    },
    "pair_chains_iptm": {
        "0": {
            "0": 0.9921637773513794,
            "1": 0.9764066338539124,
            "2": 0.8967524170875549
        },
        "1": {
            "0": 0.9760222434997559,
            "1": 0.9926019906997681,
            "2": 0.8941585421562195
        },
        "2": {
            "0": 0.9154655933380127,
            "1": 0.9154940843582153,
            "2": 0.9796523451805115
        }
    }
}