{
    "confidence_score": 0.9479097723960876,
    "ptm": 0.9628068208694458,
    "iptm": 0.9488484859466553,
    "ligand_iptm": 0.0,
    "protein_iptm": 0.9488484859466553,
    "complex_plddt": 0.9476749897003174,
    "complex_iplddt": 0.9293440580368042,
    "complex_pde": 0.3045155107975006,
    "complex_ipde": 0.6757180094718933,
    "chains_ptm": {
        "0": 0.9919418096542358,
        "1": 0.9925497770309448,
        "2": 0.9797268509864807
    },
    "pair_chains_iptm": {
        "0": {
            "0": 0.9919418096542358,
            "1": 0.9757053852081299,
            "2": 0.89183109998703
        },
        "1": {
            "0": 0.9750916957855225,
            "1": 0.9925497770309448,
            "2": 0.8967840671539307
        },
        "2": {
            "0": 0.915270984172821,
            "1": 0.9201415181159973,
            "2": 0.9797268509864807
        }
    }
}