{
    "confidence_score": 0.9419231414794922,
    "ptm": 0.9545072913169861,
    "iptm": 0.9370415210723877,
    "ligand_iptm": 0.0,
    "protein_iptm": 0.9370415210723877,
    "complex_plddt": 0.9431435465812683,
    "complex_iplddt": 0.9191313982009888,
    "complex_pde": 0.32204383611679077,
    "complex_ipde": 0.837131917476654,
    "chains_ptm": {
        "0": 0.9908687472343445,
        "1": 0.9917241334915161,
        "2": 0.9773827791213989
    },
    "pair_chains_iptm": {
        "0": {
            "0": 0.9908687472343445,
            "1": 0.9727785587310791,
            "2": 0.8645039200782776
        },
        "1": {
            "0": 0.972393810749054,
            "1": 0.9917241334915161,
            "2": 0.8720669746398926
        },
        "2": {
            "0": 0.891861617565155,
            "1": 0.8985198140144348,
            "2": 0.9773827791213989
        }
    }
}