{
    "confidence_score": 0.9399234056472778,
    "ptm": 0.9452085494995117,
    "iptm": 0.9234179258346558,
    "ligand_iptm": 0.0,
    "protein_iptm": 0.9234179258346558,
    "complex_plddt": 0.9440497756004333,
    "complex_iplddt": 0.91988605260849,
    "complex_pde": 0.3375377058982849,
    "complex_ipde": 1.074482798576355,
    "chains_ptm": {
        "0": 0.9907076954841614,
        "1": 0.9916406869888306,
        "2": 0.97657710313797
    },
    "pair_chains_iptm": {
        "0": {
            "0": 0.9907076954841614,
            "1": 0.9724612236022949,
            "2": 0.8260604739189148
        },
        "1": {
            "0": 0.9720571637153625,
            "1": 0.9916406869888306,
            "2": 0.8375280499458313
        },
        "2": {
            "0": 0.8628049492835999,
            "1": 0.8707343339920044,
            "2": 0.97657710313797
        }
    }
}