{
    "confidence_score": 0.9484562873840332,
    "ptm": 0.9628629088401794,
    "iptm": 0.9490078091621399,
    "ligand_iptm": 0.0,
    "protein_iptm": 0.9490078091621399,
    "complex_plddt": 0.948318362236023,
    "complex_iplddt": 0.9275431036949158,
    "complex_pde": 0.30400416254997253,
    "complex_ipde": 0.648745059967041,
    "chains_ptm": {
        "0": 0.9918233156204224,
        "1": 0.9923861026763916,
        "2": 0.979417085647583
    },
    "pair_chains_iptm": {
        "0": {
            "0": 0.9918233156204224,
            "1": 0.9759296178817749,
            "2": 0.8990101218223572
        },
        "1": {
            "0": 0.9752397537231445,
            "1": 0.9923861026763916,
            "2": 0.9016433358192444
        },
        "2": {
            "0": 0.9163535833358765,
            "1": 0.9206839799880981,
            "2": 0.979417085647583
        }
    }
}