{
    "confidence_score": 0.9459722638130188,
    "ptm": 0.9554026126861572,
    "iptm": 0.9383552074432373,
    "ligand_iptm": 0.0,
    "protein_iptm": 0.9383552074432373,
    "complex_plddt": 0.947876513004303,
    "complex_iplddt": 0.925483763217926,
    "complex_pde": 0.31795936822891235,
    "complex_ipde": 0.810804545879364,
    "chains_ptm": {
        "0": 0.9911508560180664,
        "1": 0.9917275309562683,
        "2": 0.9774812459945679
    },
    "pair_chains_iptm": {
        "0": {
            "0": 0.9911508560180664,
            "1": 0.973817765712738,
            "2": 0.8736401200294495
        },
        "1": {
            "0": 0.9732081890106201,
            "1": 0.9917275309562683,
            "2": 0.8767707943916321
        },
        "2": {
            "0": 0.897082507610321,
            "1": 0.9006490111351013,
            "2": 0.9774812459945679
        }
    }
}