{
    "confidence_score": 0.9470800757408142,
    "ptm": 0.9631547927856445,
    "iptm": 0.9491893649101257,
    "ligand_iptm": 0.0,
    "protein_iptm": 0.9491893649101257,
    "complex_plddt": 0.9465526938438416,
    "complex_iplddt": 0.9257044196128845,
    "complex_pde": 0.30390703678131104,
    "complex_ipde": 0.693001925945282,
    "chains_ptm": {
        "0": 0.9922219514846802,
        "1": 0.9929128885269165,
        "2": 0.9804204702377319
    },
    "pair_chains_iptm": {
        "0": {
            "0": 0.9922219514846802,
            "1": 0.9770320057868958,
            "2": 0.8947761654853821
        },
        "1": {
            "0": 0.9762753844261169,
            "1": 0.9929128885269165,
            "2": 0.8983554244041443
        },
        "2": {
            "0": 0.9160475730895996,
            "1": 0.9196152091026306,
            "2": 0.9804204702377319
        }
    }
}