{
    "confidence_score": 0.9459043741226196,
    "ptm": 0.9576093554496765,
    "iptm": 0.941552996635437,
    "ligand_iptm": 0.0,
    "protein_iptm": 0.941552996635437,
    "complex_plddt": 0.9469921588897705,
    "complex_iplddt": 0.9245932698249817,
    "complex_pde": 0.3153182864189148,
    "complex_ipde": 0.7406905293464661,
    "chains_ptm": {
        "0": 0.9909034967422485,
        "1": 0.9918226599693298,
        "2": 0.9773596525192261
    },
    "pair_chains_iptm": {
        "0": {
            "0": 0.9909034967422485,
            "1": 0.9727725982666016,
            "2": 0.8809085488319397
        },
        "1": {
            "0": 0.9723986983299255,
            "1": 0.9918226599693298,
            "2": 0.8848857283592224
        },
        "2": {
            "0": 0.9026420712471008,
            "1": 0.9080647230148315,
            "2": 0.9773596525192261
        }
    }
}