{
    "confidence_score": 0.9440426230430603,
    "ptm": 0.9580041766166687,
    "iptm": 0.9420313239097595,
    "ligand_iptm": 0.0,
    "protein_iptm": 0.9420313239097595,
    "complex_plddt": 0.9445454478263855,
    "complex_iplddt": 0.9232379198074341,
    "complex_pde": 0.31177544593811035,
    "complex_ipde": 0.7412916421890259,
    "chains_ptm": {
        "0": 0.991498589515686,
        "1": 0.9920396208763123,
        "2": 0.9780707955360413
    },
    "pair_chains_iptm": {
        "0": {
            "0": 0.991498589515686,
            "1": 0.9742226600646973,
            "2": 0.8805152773857117
        },
        "1": {
            "0": 0.9739436507225037,
            "1": 0.9920396208763123,
            "2": 0.880202054977417
        },
        "2": {
            "0": 0.9055471420288086,
            "1": 0.9076071381568909,
            "2": 0.9780707955360413
        }
    }
}