{
    "confidence_score": 0.9391248822212219,
    "ptm": 0.9464542865753174,
    "iptm": 0.925258219242096,
    "ligand_iptm": 0.0,
    "protein_iptm": 0.925258219242096,
    "complex_plddt": 0.9425914883613586,
    "complex_iplddt": 0.9191519021987915,
    "complex_pde": 0.3319532573223114,
    "complex_ipde": 1.0074986219406128,
    "chains_ptm": {
        "0": 0.9910067319869995,
        "1": 0.9916195273399353,
        "2": 0.9766705632209778
    },
    "pair_chains_iptm": {
        "0": {
            "0": 0.9910067319869995,
            "1": 0.9731170535087585,
            "2": 0.8320757150650024
        },
        "1": {
            "0": 0.9726805686950684,
            "1": 0.9916195273399353,
            "2": 0.8380755186080933
        },
        "2": {
            "0": 0.8703618049621582,
            "1": 0.8740765452384949,
            "2": 0.9766705632209778
        }
    }
}