{
    "confidence_score": 0.870302140712738,
    "ptm": 0.7754958271980286,
    "iptm": 0.6743764281272888,
    "ligand_iptm": 0.0,
    "protein_iptm": 0.6743764281272888,
    "complex_plddt": 0.9192835092544556,
    "complex_iplddt": 0.9016148447990417,
    "complex_pde": 0.7795151472091675,
    "complex_ipde": 5.142501354217529,
    "chains_ptm": {
        "0": 0.9857321977615356,
        "1": 0.9886082410812378,
        "2": 0.8516489267349243
    },
    "pair_chains_iptm": {
        "0": {
            "0": 0.9857321977615356,
            "1": 0.9583942294120789,
            "2": 0.37581145763397217
        },
        "1": {
            "0": 0.9572562575340271,
            "1": 0.9886082410812378,
            "2": 0.37703707814216614
        },
        "2": {
            "0": 0.3659660816192627,
            "1": 0.38031649589538574,
            "2": 0.8516489267349243
        }
    }
}