{
    "confidence_score": 0.9063706398010254,
    "ptm": 0.8528257608413696,
    "iptm": 0.78758305311203,
    "ligand_iptm": 0.0,
    "protein_iptm": 0.78758305311203,
    "complex_plddt": 0.936067521572113,
    "complex_iplddt": 0.9299265742301941,
    "complex_pde": 0.5845309495925903,
    "complex_ipde": 3.1753365993499756,
    "chains_ptm": {
        "0": 0.987948477268219,
        "1": 0.9899255037307739,
        "2": 0.8928222060203552
    },
    "pair_chains_iptm": {
        "0": {
            "0": 0.987948477268219,
            "1": 0.9660268425941467,
            "2": 0.6342552304267883
        },
        "1": {
            "0": 0.9639928340911865,
            "1": 0.9899255037307739,
            "2": 0.6367486715316772
        },
        "2": {
            "0": 0.573534369468689,
            "1": 0.6026679277420044,
            "2": 0.8928222060203552
        }
    }
}