{
    "confidence_score": 0.9098119735717773,
    "ptm": 0.8617143034934998,
    "iptm": 0.8006571531295776,
    "ligand_iptm": 0.0,
    "protein_iptm": 0.8006571531295776,
    "complex_plddt": 0.9371007084846497,
    "complex_iplddt": 0.9311656355857849,
    "complex_pde": 0.548609733581543,
    "complex_ipde": 3.0976781845092773,
    "chains_ptm": {
        "0": 0.9890411496162415,
        "1": 0.9903217554092407,
        "2": 0.921159029006958
    },
    "pair_chains_iptm": {
        "0": {
            "0": 0.9890411496162415,
            "1": 0.9679921269416809,
            "2": 0.6331247091293335
        },
        "1": {
            "0": 0.9661715626716614,
            "1": 0.9903217554092407,
            "2": 0.6274236440658569
        },
        "2": {
            "0": 0.6131640672683716,
            "1": 0.6289758086204529,
            "2": 0.921159029006958
        }
    }
}