{
    "confidence_score": 0.8920869827270508,
    "ptm": 0.8576369285583496,
    "iptm": 0.7936652898788452,
    "ligand_iptm": 0.0,
    "protein_iptm": 0.7936652898788452,
    "complex_plddt": 0.9166924357414246,
    "complex_iplddt": 0.9006978869438171,
    "complex_pde": 0.5556066036224365,
    "complex_ipde": 3.118730306625366,
    "chains_ptm": {
        "0": 0.9904149770736694,
        "1": 0.9919174313545227,
        "2": 0.9118905663490295
    },
    "pair_chains_iptm": {
        "0": {
            "0": 0.9904149770736694,
            "1": 0.972171425819397,
            "2": 0.6521481871604919
        },
        "1": {
            "0": 0.9713475704193115,
            "1": 0.9919174313545227,
            "2": 0.6586019992828369
        },
        "2": {
            "0": 0.5962989926338196,
            "1": 0.6041917204856873,
            "2": 0.9118905663490295
        }
    }
}