{
    "confidence_score": 0.8569361567497253,
    "ptm": 0.7800266146659851,
    "iptm": 0.6801534295082092,
    "ligand_iptm": 0.0,
    "protein_iptm": 0.6801534295082092,
    "complex_plddt": 0.9011318683624268,
    "complex_iplddt": 0.8699396252632141,
    "complex_pde": 0.7564336061477661,
    "complex_ipde": 5.264326095581055,
    "chains_ptm": {
        "0": 0.9857096076011658,
        "1": 0.987870454788208,
        "2": 0.8792270421981812
    },
    "pair_chains_iptm": {
        "0": {
            "0": 0.9857096076011658,
            "1": 0.9567950367927551,
            "2": 0.3130711019039154
        },
        "1": {
            "0": 0.9556371569633484,
            "1": 0.987870454788208,
            "2": 0.3365914523601532
        },
        "2": {
            "0": 0.37230536341667175,
            "1": 0.3950909972190857,
            "2": 0.8792270421981812
        }
    }
}