{
    "confidence_score": 0.8985573053359985,
    "ptm": 0.8329858779907227,
    "iptm": 0.7583391666412354,
    "ligand_iptm": 0.0,
    "protein_iptm": 0.7583391666412354,
    "complex_plddt": 0.9336117506027222,
    "complex_iplddt": 0.9258953928947449,
    "complex_pde": 0.596773087978363,
    "complex_ipde": 3.484070062637329,
    "chains_ptm": {
        "0": 0.9879204034805298,
        "1": 0.9897228479385376,
        "2": 0.9026497006416321
    },
    "pair_chains_iptm": {
        "0": {
            "0": 0.9879204034805298,
            "1": 0.9648337960243225,
            "2": 0.6130406856536865
        },
        "1": {
            "0": 0.9628204703330994,
            "1": 0.9897228479385376,
            "2": 0.6215148568153381
        },
        "2": {
            "0": 0.5307168364524841,
            "1": 0.5408570170402527,
            "2": 0.9026497006416321
        }
    }
}