{
    "confidence_score": 0.8931235671043396,
    "ptm": 0.8174818754196167,
    "iptm": 0.7357029318809509,
    "ligand_iptm": 0.0,
    "protein_iptm": 0.7357029318809509,
    "complex_plddt": 0.9324787259101868,
    "complex_iplddt": 0.9235119819641113,
    "complex_pde": 0.6664441227912903,
    "complex_ipde": 4.280902862548828,
    "chains_ptm": {
        "0": 0.9878412485122681,
        "1": 0.9903009533882141,
        "2": 0.8913512229919434
    },
    "pair_chains_iptm": {
        "0": {
            "0": 0.9878412485122681,
            "1": 0.965543270111084,
            "2": 0.5101351737976074
        },
        "1": {
            "0": 0.9636592864990234,
            "1": 0.9903009533882141,
            "2": 0.5134756565093994
        },
        "2": {
            "0": 0.48268356919288635,
            "1": 0.5011366605758667,
            "2": 0.8913512229919434
        }
    }
}