{
    "confidence_score": 0.9097906351089478,
    "ptm": 0.8464201092720032,
    "iptm": 0.7786002159118652,
    "ligand_iptm": 0.0,
    "protein_iptm": 0.7786002159118652,
    "complex_plddt": 0.9425881505012512,
    "complex_iplddt": 0.939047634601593,
    "complex_pde": 0.586988091468811,
    "complex_ipde": 3.3701589107513428,
    "chains_ptm": {
        "0": 0.9878326058387756,
        "1": 0.9898474216461182,
        "2": 0.9033783078193665
    },
    "pair_chains_iptm": {
        "0": {
            "0": 0.9878326058387756,
            "1": 0.965719997882843,
            "2": 0.6026159524917603
        },
        "1": {
            "0": 0.9639012217521667,
            "1": 0.9898474216461182,
            "2": 0.60513836145401
        },
        "2": {
            "0": 0.5686525702476501,
            "1": 0.5892432332038879,
            "2": 0.9033783078193665
        }
    }
}