{
    "confidence_score": 0.9223440289497375,
    "ptm": 0.9216105937957764,
    "iptm": 0.887672483921051,
    "ligand_iptm": 0.0,
    "protein_iptm": 0.887672483921051,
    "complex_plddt": 0.9310119152069092,
    "complex_iplddt": 0.9215619564056396,
    "complex_pde": 0.39984169602394104,
    "complex_ipde": 1.624271035194397,
    "chains_ptm": {
        "0": 0.9921799302101135,
        "1": 0.9932193160057068,
        "2": 0.9481286406517029
    },
    "pair_chains_iptm": {
        "0": {
            "0": 0.9921799302101135,
            "1": 0.9781952500343323,
            "2": 0.8184954524040222
        },
        "1": {
            "0": 0.9766606092453003,
            "1": 0.9932193160057068,
            "2": 0.8150991797447205
        },
        "2": {
            "0": 0.7811992764472961,
            "1": 0.7918122410774231,
            "2": 0.9481286406517029
        }
    }
}