{
    "confidence_score": 0.8947998285293579,
    "ptm": 0.814678966999054,
    "iptm": 0.7320410013198853,
    "ligand_iptm": 0.0,
    "protein_iptm": 0.7320410013198853,
    "complex_plddt": 0.9354894757270813,
    "complex_iplddt": 0.926690936088562,
    "complex_pde": 0.658688485622406,
    "complex_ipde": 3.914238929748535,
    "chains_ptm": {
        "0": 0.9862350821495056,
        "1": 0.9892188310623169,
        "2": 0.8780968189239502
    },
    "pair_chains_iptm": {
        "0": {
            "0": 0.9862350821495056,
            "1": 0.961100697517395,
            "2": 0.5724329352378845
        },
        "1": {
            "0": 0.9586047530174255,
            "1": 0.9892188310623169,
            "2": 0.5781554579734802
        },
        "2": {
            "0": 0.477717787027359,
            "1": 0.499306857585907,
            "2": 0.8780968189239502
        }
    }
}