{
    "confidence_score": 0.8721433877944946,
    "ptm": 0.786478579044342,
    "iptm": 0.689231812953949,
    "ligand_iptm": 0.0,
    "protein_iptm": 0.689231812953949,
    "complex_plddt": 0.9178712368011475,
    "complex_iplddt": 0.8984441161155701,
    "complex_pde": 0.7464308738708496,
    "complex_ipde": 4.916520595550537,
    "chains_ptm": {
        "0": 0.9865634441375732,
        "1": 0.9888569116592407,
        "2": 0.8647493124008179
    },
    "pair_chains_iptm": {
        "0": {
            "0": 0.9865634441375732,
            "1": 0.9609483480453491,
            "2": 0.3846031427383423
        },
        "1": {
            "0": 0.959435224533081,
            "1": 0.9888569116592407,
            "2": 0.4114498496055603
        },
        "2": {
            "0": 0.38938087224960327,
            "1": 0.41086214780807495,
            "2": 0.8647493124008179
        }
    }
}