{
    "confidence_score": 0.8961099982261658,
    "ptm": 0.8354201316833496,
    "iptm": 0.761952817440033,
    "ligand_iptm": 0.0,
    "protein_iptm": 0.761952817440033,
    "complex_plddt": 0.9296492338180542,
    "complex_iplddt": 0.9192542433738708,
    "complex_pde": 0.5694480538368225,
    "complex_ipde": 3.015763998031616,
    "chains_ptm": {
        "0": 0.9878218770027161,
        "1": 0.9894886612892151,
        "2": 0.8916151523590088
    },
    "pair_chains_iptm": {
        "0": {
            "0": 0.9878218770027161,
            "1": 0.9638474583625793,
            "2": 0.6803817749023438
        },
        "1": {
            "0": 0.9621073007583618,
            "1": 0.9894886612892151,
            "2": 0.6822541356086731
        },
        "2": {
            "0": 0.5458738803863525,
            "1": 0.5561820268630981,
            "2": 0.8916151523590088
        }
    }
}