{
    "confidence_score": 0.8965690732002258,
    "ptm": 0.8101193904876709,
    "iptm": 0.7245995402336121,
    "ligand_iptm": 0.0,
    "protein_iptm": 0.7245995402336121,
    "complex_plddt": 0.9395614266395569,
    "complex_iplddt": 0.9331150054931641,
    "complex_pde": 0.6634795069694519,
    "complex_ipde": 4.101027488708496,
    "chains_ptm": {
        "0": 0.9866584539413452,
        "1": 0.988092839717865,
        "2": 0.8889617323875427
    },
    "pair_chains_iptm": {
        "0": {
            "0": 0.9866584539413452,
            "1": 0.9600656628608704,
            "2": 0.5227408409118652
        },
        "1": {
            "0": 0.9589937925338745,
            "1": 0.988092839717865,
            "2": 0.5264003276824951
        },
        "2": {
            "0": 0.4705243706703186,
            "1": 0.48285290598869324,
            "2": 0.8889617323875427
        }
    }
}