{
    "confidence_score": 0.9195783734321594,
    "ptm": 0.8788507580757141,
    "iptm": 0.8254165649414062,
    "ligand_iptm": 0.0,
    "protein_iptm": 0.8254165649414062,
    "complex_plddt": 0.9431188106536865,
    "complex_iplddt": 0.9399415254592896,
    "complex_pde": 0.506167471408844,
    "complex_ipde": 2.6569793224334717,
    "chains_ptm": {
        "0": 0.9895666241645813,
        "1": 0.9913457036018372,
        "2": 0.9254806041717529
    },
    "pair_chains_iptm": {
        "0": {
            "0": 0.9895666241645813,
            "1": 0.9702434539794922,
            "2": 0.6957179307937622
        },
        "1": {
            "0": 0.9687454700469971,
            "1": 0.9913457036018372,
            "2": 0.6996017098426819
        },
        "2": {
            "0": 0.6509164571762085,
            "1": 0.6788390874862671,
            "2": 0.9254806041717529
        }
    }
}