{
    "confidence_score": 0.9161548614501953,
    "ptm": 0.8967330455780029,
    "iptm": 0.8521685600280762,
    "ligand_iptm": 0.0,
    "protein_iptm": 0.8521685600280762,
    "complex_plddt": 0.9321513772010803,
    "complex_iplddt": 0.925706148147583,
    "complex_pde": 0.464009165763855,
    "complex_ipde": 2.104401111602783,
    "chains_ptm": {
        "0": 0.9898989200592041,
        "1": 0.9917247295379639,
        "2": 0.9235842227935791
    },
    "pair_chains_iptm": {
        "0": {
            "0": 0.9898989200592041,
            "1": 0.9716804027557373,
            "2": 0.7399814128875732
        },
        "1": {
            "0": 0.970590353012085,
            "1": 0.9917247295379639,
            "2": 0.741864800453186
        },
        "2": {
            "0": 0.7056344747543335,
            "1": 0.7324339747428894,
            "2": 0.9235842227935791
        }
    }
}