{
    "confidence_score": 0.894504964351654,
    "ptm": 0.8144349455833435,
    "iptm": 0.7315076589584351,
    "ligand_iptm": 0.0,
    "protein_iptm": 0.7315076589584351,
    "complex_plddt": 0.9352542757987976,
    "complex_iplddt": 0.9289813041687012,
    "complex_pde": 0.6399495601654053,
    "complex_ipde": 3.7374212741851807,
    "chains_ptm": {
        "0": 0.9866101145744324,
        "1": 0.9882906675338745,
        "2": 0.8820122480392456
    },
    "pair_chains_iptm": {
        "0": {
            "0": 0.9866101145744324,
            "1": 0.9598234295845032,
            "2": 0.5406379103660583
        },
        "1": {
            "0": 0.9589623212814331,
            "1": 0.9882906675338745,
            "2": 0.5303895473480225
        },
        "2": {
            "0": 0.48754581809043884,
            "1": 0.49836644530296326,
            "2": 0.8820122480392456
        }
    }
}