{
    "confidence_score": 0.9082210659980774,
    "ptm": 0.8509805202484131,
    "iptm": 0.7853739261627197,
    "ligand_iptm": 0.0,
    "protein_iptm": 0.7853739261627197,
    "complex_plddt": 0.9389328360557556,
    "complex_iplddt": 0.9330899119377136,
    "complex_pde": 0.5733368396759033,
    "complex_ipde": 3.1818485260009766,
    "chains_ptm": {
        "0": 0.988064169883728,
        "1": 0.9900929927825928,
        "2": 0.9028468728065491
    },
    "pair_chains_iptm": {
        "0": {
            "0": 0.988064169883728,
            "1": 0.9658502340316772,
            "2": 0.6183589696884155
        },
        "1": {
            "0": 0.9638412594795227,
            "1": 0.9900929927825928,
            "2": 0.6214665174484253
        },
        "2": {
            "0": 0.5803288221359253,
            "1": 0.6026248335838318,
            "2": 0.9028468728065491
        }
    }
}