{
    "confidence_score": 0.8777910470962524,
    "ptm": 0.792256236076355,
    "iptm": 0.6999127864837646,
    "ligand_iptm": 0.0,
    "protein_iptm": 0.6999127864837646,
    "complex_plddt": 0.9222606420516968,
    "complex_iplddt": 0.9021155834197998,
    "complex_pde": 0.7393440008163452,
    "complex_ipde": 5.030498504638672,
    "chains_ptm": {
        "0": 0.9857403635978699,
        "1": 0.9878242611885071,
        "2": 0.8883764743804932
    },
    "pair_chains_iptm": {
        "0": {
            "0": 0.9857403635978699,
            "1": 0.957754909992218,
            "2": 0.3354381024837494
        },
        "1": {
            "0": 0.9567264914512634,
            "1": 0.9878242611885071,
            "2": 0.3595615029335022
        },
        "2": {
            "0": 0.41721346974372864,
            "1": 0.44024336338043213,
            "2": 0.8883764743804932
        }
    }
}