{
    "confidence_score": 0.9292898178100586,
    "ptm": 0.9333427548408508,
    "iptm": 0.905126690864563,
    "ligand_iptm": 0.0,
    "protein_iptm": 0.905126690864563,
    "complex_plddt": 0.9353305697441101,
    "complex_iplddt": 0.9283559918403625,
    "complex_pde": 0.36783722043037415,
    "complex_ipde": 1.2688707113265991,
    "chains_ptm": {
        "0": 0.9900334477424622,
        "1": 0.9920626878738403,
        "2": 0.9600676894187927
    },
    "pair_chains_iptm": {
        "0": {
            "0": 0.9900334477424622,
            "1": 0.9729837775230408,
            "2": 0.8412935137748718
        },
        "1": {
            "0": 0.9706676006317139,
            "1": 0.9920626878738403,
            "2": 0.8581480383872986
        },
        "2": {
            "0": 0.8142402768135071,
            "1": 0.8365210890769958,
            "2": 0.9600676894187927
        }
    }
}