{
    "confidence_score": 0.8937822580337524,
    "ptm": 0.7992537617683411,
    "iptm": 0.7090811133384705,
    "ligand_iptm": 0.0,
    "protein_iptm": 0.7090811133384705,
    "complex_plddt": 0.9399575591087341,
    "complex_iplddt": 0.9343128204345703,
    "complex_pde": 0.70989990234375,
    "complex_ipde": 4.385939598083496,
    "chains_ptm": {
        "0": 0.986006498336792,
        "1": 0.988431453704834,
        "2": 0.8611454963684082
    },
    "pair_chains_iptm": {
        "0": {
            "0": 0.986006498336792,
            "1": 0.9580820202827454,
            "2": 0.44992512464523315
        },
        "1": {
            "0": 0.9578592777252197,
            "1": 0.988431453704834,
            "2": 0.4574181139469147
        },
        "2": {
            "0": 0.4357644319534302,
            "1": 0.4538443684577942,
            "2": 0.8611454963684082
        }
    }
}