{
    "confidence_score": 0.9311890006065369,
    "ptm": 0.9214238524436951,
    "iptm": 0.887860119342804,
    "ligand_iptm": 0.0,
    "protein_iptm": 0.887860119342804,
    "complex_plddt": 0.9420211315155029,
    "complex_iplddt": 0.9387066960334778,
    "complex_pde": 0.3956833481788635,
    "complex_ipde": 1.4830281734466553,
    "chains_ptm": {
        "0": 0.9912870526313782,
        "1": 0.9926536083221436,
        "2": 0.9450955986976624
    },
    "pair_chains_iptm": {
        "0": {
            "0": 0.9912870526313782,
            "1": 0.9756489992141724,
            "2": 0.8256276845932007
        },
        "1": {
            "0": 0.9737855792045593,
            "1": 0.9926536083221436,
            "2": 0.8302767276763916
        },
        "2": {
            "0": 0.783164381980896,
            "1": 0.800715982913971,
            "2": 0.9450955986976624
        }
    }
}