{
    "confidence_score": 0.9108061790466309,
    "ptm": 0.8428506851196289,
    "iptm": 0.7720664143562317,
    "ligand_iptm": 0.0,
    "protein_iptm": 0.7720664143562317,
    "complex_plddt": 0.9454910755157471,
    "complex_iplddt": 0.9431822299957275,
    "complex_pde": 0.5779690742492676,
    "complex_ipde": 3.3769657611846924,
    "chains_ptm": {
        "0": 0.9884805679321289,
        "1": 0.9901582598686218,
        "2": 0.9153027534484863
    },
    "pair_chains_iptm": {
        "0": {
            "0": 0.9884805679321289,
            "1": 0.9662617444992065,
            "2": 0.6508351564407349
        },
        "1": {
            "0": 0.9644033908843994,
            "1": 0.9901582598686218,
            "2": 0.656734049320221
        },
        "2": {
            "0": 0.5572406053543091,
            "1": 0.573299765586853,
            "2": 0.9153027534484863
        }
    }
}