{
    "confidence_score": 0.8926267027854919,
    "ptm": 0.8178865909576416,
    "iptm": 0.7368913888931274,
    "ligand_iptm": 0.0,
    "protein_iptm": 0.7368913888931274,
    "complex_plddt": 0.9315605163574219,
    "complex_iplddt": 0.9225788712501526,
    "complex_pde": 0.6721829771995544,
    "complex_ipde": 4.247365951538086,
    "chains_ptm": {
        "0": 0.9874071478843689,
        "1": 0.9892675280570984,
        "2": 0.8839052319526672
    },
    "pair_chains_iptm": {
        "0": {
            "0": 0.9874071478843689,
            "1": 0.9630109667778015,
            "2": 0.4776836037635803
        },
        "1": {
            "0": 0.9617255926132202,
            "1": 0.9892675280570984,
            "2": 0.48091259598731995
        },
        "2": {
            "0": 0.48514580726623535,
            "1": 0.5074204206466675,
            "2": 0.8839052319526672
        }
    }
}