{
    "confidence_score": 0.9271869659423828,
    "ptm": 0.9309520125389099,
    "iptm": 0.9012376666069031,
    "ligand_iptm": 0.0,
    "protein_iptm": 0.9012376666069031,
    "complex_plddt": 0.9336743354797363,
    "complex_iplddt": 0.9258006811141968,
    "complex_pde": 0.38075733184814453,
    "complex_ipde": 1.5228337049484253,
    "chains_ptm": {
        "0": 0.9926608204841614,
        "1": 0.9937193989753723,
        "2": 0.9590497612953186
    },
    "pair_chains_iptm": {
        "0": {
            "0": 0.9926608204841614,
            "1": 0.9787902235984802,
            "2": 0.8150715231895447
        },
        "1": {
            "0": 0.9779205322265625,
            "1": 0.9937193989753723,
            "2": 0.8173868060112
        },
        "2": {
            "0": 0.8095602989196777,
            "1": 0.8193139433860779,
            "2": 0.9590497612953186
        }
    }
}