{
    "confidence_score": 0.9290227890014648,
    "ptm": 0.9394549131393433,
    "iptm": 0.9135131239891052,
    "ligand_iptm": 0.0,
    "protein_iptm": 0.9135131239891052,
    "complex_plddt": 0.9329002499580383,
    "complex_iplddt": 0.9259772896766663,
    "complex_pde": 0.3583091199398041,
    "complex_ipde": 1.3564367294311523,
    "chains_ptm": {
        "0": 0.9932640194892883,
        "1": 0.9942528605461121,
        "2": 0.9682576060295105
    },
    "pair_chains_iptm": {
        "0": {
            "0": 0.9932640194892883,
            "1": 0.9808580875396729,
            "2": 0.8452030420303345
        },
        "1": {
            "0": 0.9797435998916626,
            "1": 0.9942528605461121,
            "2": 0.8452718257904053
        },
        "2": {
            "0": 0.828794538974762,
            "1": 0.8419589400291443,
            "2": 0.9682576060295105
        }
    }
}