{
    "confidence_score": 0.7454200983047485,
    "ptm": 0.6603016257286072,
    "iptm": 0.6705950498580933,
    "ligand_iptm": 0.0,
    "protein_iptm": 0.6705950498580933,
    "complex_plddt": 0.7641263008117676,
    "complex_iplddt": 0.7436800003051758,
    "complex_pde": 1.253586769104004,
    "complex_ipde": 4.583773612976074,
    "chains_ptm": {
        "0": 0.9846064448356628,
        "1": 0.9850625395774841,
        "2": 0.7003712058067322
    },
    "pair_chains_iptm": {
        "0": {
            "0": 0.9846064448356628,
            "1": 0.9390588402748108,
            "2": 0.6849676370620728
        },
        "1": {
            "0": 0.9427146911621094,
            "1": 0.9850625395774841,
            "2": 0.6547852754592896
        },
        "2": {
            "0": 0.48084643483161926,
            "1": 0.46407321095466614,
            "2": 0.7003712058067322
        }
    }
}