{
    "confidence_score": 0.6857835054397583,
    "ptm": 0.4802649915218353,
    "iptm": 0.3896941840648651,
    "ligand_iptm": 0.0,
    "protein_iptm": 0.3896941840648651,
    "complex_plddt": 0.7598057985305786,
    "complex_iplddt": 0.7725469470024109,
    "complex_pde": 1.5847195386886597,
    "complex_ipde": 6.875181198120117,
    "chains_ptm": {
        "0": 0.9797449111938477,
        "1": 0.9791285991668701,
        "2": 0.570007860660553
    },
    "pair_chains_iptm": {
        "0": {
            "0": 0.9797449111938477,
            "1": 0.9019858837127686,
            "2": 0.3960532248020172
        },
        "1": {
            "0": 0.9149914383888245,
            "1": 0.9791285991668701,
            "2": 0.38269922137260437
        },
        "2": {
            "0": 0.2778496742248535,
            "1": 0.27226439118385315,
            "2": 0.570007860660553
        }
    }
}