{
    "confidence_score": 0.7550704479217529,
    "ptm": 0.7328022718429565,
    "iptm": 0.7360473275184631,
    "ligand_iptm": 0.0,
    "protein_iptm": 0.7360473275184631,
    "complex_plddt": 0.7598262429237366,
    "complex_iplddt": 0.7629311084747314,
    "complex_pde": 0.8263593912124634,
    "complex_ipde": 3.7893786430358887,
    "chains_ptm": {
        "0": 0.985386312007904,
        "1": 0.9861097931861877,
        "2": 0.7822460532188416
    },
    "pair_chains_iptm": {
        "0": {
            "0": 0.985386312007904,
            "1": 0.94325190782547,
            "2": 0.7437099814414978
        },
        "1": {
            "0": 0.9472888708114624,
            "1": 0.9861097931861877,
            "2": 0.7276183366775513
        },
        "2": {
            "0": 0.543848991394043,
            "1": 0.5209487080574036,
            "2": 0.7822460532188416
        }
    }
}