{
    "confidence_score": 0.7169322967529297,
    "ptm": 0.6311469674110413,
    "iptm": 0.5222386717796326,
    "ligand_iptm": 0.0,
    "protein_iptm": 0.5222386717796326,
    "complex_plddt": 0.7656056880950928,
    "complex_iplddt": 0.7784861326217651,
    "complex_pde": 1.3272197246551514,
    "complex_ipde": 6.461207866668701,
    "chains_ptm": {
        "0": 0.9814633131027222,
        "1": 0.982015073299408,
        "2": 0.6933024525642395
    },
    "pair_chains_iptm": {
        "0": {
            "0": 0.9814633131027222,
            "1": 0.9174660444259644,
            "2": 0.5336266160011292
        },
        "1": {
            "0": 0.9223456978797913,
            "1": 0.982015073299408,
            "2": 0.5103210210800171
        },
        "2": {
            "0": 0.3690667152404785,
            "1": 0.34942367672920227,
            "2": 0.6933024525642395
        }
    }
}