{
    "confidence_score": 0.7030190825462341,
    "ptm": 0.5538625717163086,
    "iptm": 0.45814016461372375,
    "ligand_iptm": 0.0,
    "protein_iptm": 0.45814016461372375,
    "complex_plddt": 0.7642387747764587,
    "complex_iplddt": 0.7750653028488159,
    "complex_pde": 1.2563496828079224,
    "complex_ipde": 6.765183448791504,
    "chains_ptm": {
        "0": 0.9772313833236694,
        "1": 0.9773377180099487,
        "2": 0.6613406538963318
    },
    "pair_chains_iptm": {
        "0": {
            "0": 0.9772313833236694,
            "1": 0.9065203666687012,
            "2": 0.4620538353919983
        },
        "1": {
            "0": 0.9184340834617615,
            "1": 0.9773377180099487,
            "2": 0.45383507013320923
        },
        "2": {
            "0": 0.33650222420692444,
            "1": 0.32222211360931396,
            "2": 0.6613406538963318
        }
    }
}