{
    "confidence_score": 0.7107345461845398,
    "ptm": 0.6748436689376831,
    "iptm": 0.4895532429218292,
    "ligand_iptm": 0.0,
    "protein_iptm": 0.4895532429218292,
    "complex_plddt": 0.7660298943519592,
    "complex_iplddt": 0.777044951915741,
    "complex_pde": 1.1106611490249634,
    "complex_ipde": 6.381824493408203,
    "chains_ptm": {
        "0": 0.9770249724388123,
        "1": 0.975282609462738,
        "2": 0.7791702747344971
    },
    "pair_chains_iptm": {
        "0": {
            "0": 0.9770249724388123,
            "1": 0.8966989517211914,
            "2": 0.49410107731819153
        },
        "1": {
            "0": 0.911525309085846,
            "1": 0.975282609462738,
            "2": 0.4845506548881531
        },
        "2": {
            "0": 0.3945901095867157,
            "1": 0.3731018304824829,
            "2": 0.7791702747344971
        }
    }
}