{
    "confidence_score": 0.6894150376319885,
    "ptm": 0.5466107130050659,
    "iptm": 0.3815414309501648,
    "ligand_iptm": 0.0,
    "protein_iptm": 0.3815414309501648,
    "complex_plddt": 0.7663834095001221,
    "complex_iplddt": 0.7823687195777893,
    "complex_pde": 1.3260616064071655,
    "complex_ipde": 6.964951038360596,
    "chains_ptm": {
        "0": 0.983957052230835,
        "1": 0.981985867023468,
        "2": 0.6634206771850586
    },
    "pair_chains_iptm": {
        "0": {
            "0": 0.983957052230835,
            "1": 0.9278506636619568,
            "2": 0.35883989930152893
        },
        "1": {
            "0": 0.9334318041801453,
            "1": 0.981985867023468,
            "2": 0.31460100412368774
        },
        "2": {
            "0": 0.29889774322509766,
            "1": 0.2678261697292328,
            "2": 0.6634206771850586
        }
    }
}