{
    "confidence_score": 0.6934947371482849,
    "ptm": 0.5616653561592102,
    "iptm": 0.3989395499229431,
    "ligand_iptm": 0.0,
    "protein_iptm": 0.3989395499229431,
    "complex_plddt": 0.7671335339546204,
    "complex_iplddt": 0.778717577457428,
    "complex_pde": 1.300896167755127,
    "complex_ipde": 7.197604179382324,
    "chains_ptm": {
        "0": 0.9739197492599487,
        "1": 0.9753063321113586,
        "2": 0.6834157705307007
    },
    "pair_chains_iptm": {
        "0": {
            "0": 0.9739197492599487,
            "1": 0.8949803113937378,
            "2": 0.4163757860660553
        },
        "1": {
            "0": 0.9071539044380188,
            "1": 0.9753063321113586,
            "2": 0.37937939167022705
        },
        "2": {
            "0": 0.32341551780700684,
            "1": 0.2991763651371002,
            "2": 0.6834157705307007
        }
    }
}