{
    "confidence_score": 0.7000787258148193,
    "ptm": 0.7002014517784119,
    "iptm": 0.4727613925933838,
    "ligand_iptm": 0.0,
    "protein_iptm": 0.4727613925933838,
    "complex_plddt": 0.7569080591201782,
    "complex_iplddt": 0.7664743065834045,
    "complex_pde": 0.9885537028312683,
    "complex_ipde": 6.741376876831055,
    "chains_ptm": {
        "0": 0.977647602558136,
        "1": 0.9775320291519165,
        "2": 0.8038025498390198
    },
    "pair_chains_iptm": {
        "0": {
            "0": 0.977647602558136,
            "1": 0.9008575081825256,
            "2": 0.4827781915664673
        },
        "1": {
            "0": 0.9122887849807739,
            "1": 0.9775320291519165,
            "2": 0.4617428481578827
        },
        "2": {
            "0": 0.4065237045288086,
            "1": 0.370993047952652,
            "2": 0.8038025498390198
        }
    }
}