{
    "confidence_score": 0.7078638672828674,
    "ptm": 0.552693784236908,
    "iptm": 0.48739784955978394,
    "ligand_iptm": 0.0,
    "protein_iptm": 0.48739784955978394,
    "complex_plddt": 0.7629803419113159,
    "complex_iplddt": 0.7739415168762207,
    "complex_pde": 1.403592824935913,
    "complex_ipde": 6.585640907287598,
    "chains_ptm": {
        "0": 0.977807343006134,
        "1": 0.9794263243675232,
        "2": 0.6256296634674072
    },
    "pair_chains_iptm": {
        "0": {
            "0": 0.977807343006134,
            "1": 0.913368284702301,
            "2": 0.5018396377563477
        },
        "1": {
            "0": 0.9194449186325073,
            "1": 0.9794263243675232,
            "2": 0.4717053174972534
        },
        "2": {
            "0": 0.3523797392845154,
            "1": 0.32596221566200256,
            "2": 0.6256296634674072
        }
    }
}