{
    "confidence_score": 0.7534070014953613,
    "ptm": 0.6847779154777527,
    "iptm": 0.7066188454627991,
    "ligand_iptm": 0.0,
    "protein_iptm": 0.7066188454627991,
    "complex_plddt": 0.7651040554046631,
    "complex_iplddt": 0.7726258635520935,
    "complex_pde": 1.2084078788757324,
    "complex_ipde": 4.577624320983887,
    "chains_ptm": {
        "0": 0.9832839369773865,
        "1": 0.984446108341217,
        "2": 0.7000924348831177
    },
    "pair_chains_iptm": {
        "0": {
            "0": 0.9832839369773865,
            "1": 0.9364765882492065,
            "2": 0.7182166576385498
        },
        "1": {
            "0": 0.9401580095291138,
            "1": 0.984446108341217,
            "2": 0.6957471966743469
        },
        "2": {
            "0": 0.4868159890174866,
            "1": 0.46881458163261414,
            "2": 0.7000924348831177
        }
    }
}