{
    "confidence_score": 0.6823382377624512,
    "ptm": 0.5469596982002258,
    "iptm": 0.3521103858947754,
    "ligand_iptm": 0.0,
    "protein_iptm": 0.3521103858947754,
    "complex_plddt": 0.7648952007293701,
    "complex_iplddt": 0.7849260568618774,
    "complex_pde": 1.3705787658691406,
    "complex_ipde": 8.108558654785156,
    "chains_ptm": {
        "0": 0.9794365167617798,
        "1": 0.978784441947937,
        "2": 0.6695249080657959
    },
    "pair_chains_iptm": {
        "0": {
            "0": 0.9794365167617798,
            "1": 0.897467315196991,
            "2": 0.2967208921909332
        },
        "1": {
            "0": 0.9097428917884827,
            "1": 0.978784441947937,
            "2": 0.2976545989513397
        },
        "2": {
            "0": 0.2675952613353729,
            "1": 0.25639796257019043,
            "2": 0.6695249080657959
        }
    }
}