{
    "confidence_score": 0.6908337473869324,
    "ptm": 0.6582326292991638,
    "iptm": 0.4263373613357544,
    "ligand_iptm": 0.0,
    "protein_iptm": 0.4263373613357544,
    "complex_plddt": 0.7569578886032104,
    "complex_iplddt": 0.7653253674507141,
    "complex_pde": 0.9908292889595032,
    "complex_ipde": 6.643911361694336,
    "chains_ptm": {
        "0": 0.9806481599807739,
        "1": 0.981846272945404,
        "2": 0.7937087416648865
    },
    "pair_chains_iptm": {
        "0": {
            "0": 0.9806481599807739,
            "1": 0.8971107006072998,
            "2": 0.4315815269947052
        },
        "1": {
            "0": 0.9130370020866394,
            "1": 0.981846272945404,
            "2": 0.4205688536167145
        },
        "2": {
            "0": 0.3380957543849945,
            "1": 0.3328263759613037,
            "2": 0.7937087416648865
        }
    }
}