{
    "confidence_score": 0.6893523931503296,
    "ptm": 0.5635877847671509,
    "iptm": 0.43616554141044617,
    "ligand_iptm": 0.0,
    "protein_iptm": 0.43616554141044617,
    "complex_plddt": 0.7526490688323975,
    "complex_iplddt": 0.7819663286209106,
    "complex_pde": 1.405031681060791,
    "complex_ipde": 7.141845226287842,
    "chains_ptm": {
        "0": 0.9785043001174927,
        "1": 0.9827369451522827,
        "2": 0.6754207015037537
    },
    "pair_chains_iptm": {
        "0": {
            "0": 0.9785043001174927,
            "1": 0.8988276124000549,
            "2": 0.45531970262527466
        },
        "1": {
            "0": 0.9102213978767395,
            "1": 0.9827369451522827,
            "2": 0.41799676418304443
        },
        "2": {
            "0": 0.3409098982810974,
            "1": 0.3216661512851715,
            "2": 0.6754207015037537
        }
    }
}