{
    "confidence_score": 0.6883980631828308,
    "ptm": 0.6330286264419556,
    "iptm": 0.38802823424339294,
    "ligand_iptm": 0.0,
    "protein_iptm": 0.38802823424339294,
    "complex_plddt": 0.7634905576705933,
    "complex_iplddt": 0.7875033617019653,
    "complex_pde": 1.0285011529922485,
    "complex_ipde": 7.24794864654541,
    "chains_ptm": {
        "0": 0.9856407046318054,
        "1": 0.9847328662872314,
        "2": 0.7722111344337463
    },
    "pair_chains_iptm": {
        "0": {
            "0": 0.9856407046318054,
            "1": 0.9287792444229126,
            "2": 0.34232863783836365
        },
        "1": {
            "0": 0.9363890886306763,
            "1": 0.9847328662872314,
            "2": 0.31287074089050293
        },
        "2": {
            "0": 0.3012353181838989,
            "1": 0.2828727662563324,
            "2": 0.7722111344337463
        }
    }
}