{
    "confidence_score": 0.6901726126670837,
    "ptm": 0.586679220199585,
    "iptm": 0.40679624676704407,
    "ligand_iptm": 0.0,
    "protein_iptm": 0.40679624676704407,
    "complex_plddt": 0.7610166668891907,
    "complex_iplddt": 0.7834629416465759,
    "complex_pde": 1.2598987817764282,
    "complex_ipde": 7.117377758026123,
    "chains_ptm": {
        "0": 0.9760462045669556,
        "1": 0.9775639772415161,
        "2": 0.6891176700592041
    },
    "pair_chains_iptm": {
        "0": {
            "0": 0.9760462045669556,
            "1": 0.9009860157966614,
            "2": 0.4195307195186615
        },
        "1": {
            "0": 0.9085724353790283,
            "1": 0.9775639772415161,
            "2": 0.3927883207798004
        },
        "2": {
            "0": 0.32773083448410034,
            "1": 0.3025371730327606,
            "2": 0.6891176700592041
        }
    }
}