{
    "confidence_score": 0.6893869042396545,
    "ptm": 0.61311274766922,
    "iptm": 0.3610894978046417,
    "ligand_iptm": 0.0,
    "protein_iptm": 0.3610894978046417,
    "complex_plddt": 0.7714612483978271,
    "complex_iplddt": 0.7996241450309753,
    "complex_pde": 1.1771841049194336,
    "complex_ipde": 7.3088812828063965,
    "chains_ptm": {
        "0": 0.9827197790145874,
        "1": 0.9818921089172363,
        "2": 0.7509058713912964
    },
    "pair_chains_iptm": {
        "0": {
            "0": 0.9827197790145874,
            "1": 0.9192584753036499,
            "2": 0.3031767010688782
        },
        "1": {
            "0": 0.925133466720581,
            "1": 0.9818921089172363,
            "2": 0.2666749954223633
        },
        "2": {
            "0": 0.2765986919403076,
            "1": 0.2568744719028473,
            "2": 0.7509058713912964
        }
    }
}