{
    "confidence_score": 0.6877071857452393,
    "ptm": 0.6224716305732727,
    "iptm": 0.3901819586753845,
    "ligand_iptm": 0.0,
    "protein_iptm": 0.3901819586753845,
    "complex_plddt": 0.7620884776115417,
    "complex_iplddt": 0.7777184844017029,
    "complex_pde": 1.220100998878479,
    "complex_ipde": 7.483984470367432,
    "chains_ptm": {
        "0": 0.9748744964599609,
        "1": 0.9775077700614929,
        "2": 0.7536138296127319
    },
    "pair_chains_iptm": {
        "0": {
            "0": 0.9748744964599609,
            "1": 0.8946603536605835,
            "2": 0.3846920132637024
        },
        "1": {
            "0": 0.9034464359283447,
            "1": 0.9775077700614929,
            "2": 0.35277408361434937
        },
        "2": {
            "0": 0.31524884700775146,
            "1": 0.29430943727493286,
            "2": 0.7536138296127319
        }
    }
}