{
    "confidence_score": 0.7421830296516418,
    "ptm": 0.6835673451423645,
    "iptm": 0.6594799160957336,
    "ligand_iptm": 0.0,
    "protein_iptm": 0.6594799160957336,
    "complex_plddt": 0.7628588080406189,
    "complex_iplddt": 0.7376026511192322,
    "complex_pde": 1.1707042455673218,
    "complex_ipde": 4.61309814453125,
    "chains_ptm": {
        "0": 0.9845549464225769,
        "1": 0.9851369261741638,
        "2": 0.7341724634170532
    },
    "pair_chains_iptm": {
        "0": {
            "0": 0.9845549464225769,
            "1": 0.9386973977088928,
            "2": 0.6744890809059143
        },
        "1": {
            "0": 0.9424595832824707,
            "1": 0.9851369261741638,
            "2": 0.6429700255393982
        },
        "2": {
            "0": 0.4913676083087921,
            "1": 0.47139933705329895,
            "2": 0.7341724634170532
        }
    }
}