{
    "confidence_score": 0.673915445804596,
    "ptm": 0.5718151926994324,
    "iptm": 0.38278552889823914,
    "ligand_iptm": 0.0,
    "protein_iptm": 0.38278552889823914,
    "complex_plddt": 0.7466979026794434,
    "complex_iplddt": 0.7660143971443176,
    "complex_pde": 1.4027000665664673,
    "complex_ipde": 7.2899556159973145,
    "chains_ptm": {
        "0": 0.9810160994529724,
        "1": 0.9825944900512695,
        "2": 0.6935023665428162
    },
    "pair_chains_iptm": {
        "0": {
            "0": 0.9810160994529724,
            "1": 0.9106205105781555,
            "2": 0.3750342130661011
        },
        "1": {
            "0": 0.9182208776473999,
            "1": 0.9825944900512695,
            "2": 0.3536699116230011
        },
        "2": {
            "0": 0.2974027693271637,
            "1": 0.2858569622039795,
            "2": 0.6935023665428162
        }
    }
}