{
    "confidence_score": 0.671625554561615,
    "ptm": 0.6510995626449585,
    "iptm": 0.3355192542076111,
    "ligand_iptm": 0.0,
    "protein_iptm": 0.3355192542076111,
    "complex_plddt": 0.7556520700454712,
    "complex_iplddt": 0.7651326656341553,
    "complex_pde": 1.0798149108886719,
    "complex_ipde": 9.325361251831055,
    "chains_ptm": {
        "0": 0.9723484516143799,
        "1": 0.9719904065132141,
        "2": 0.8036075830459595
    },
    "pair_chains_iptm": {
        "0": {
            "0": 0.9723484516143799,
            "1": 0.8660150170326233,
            "2": 0.27543890476226807
        },
        "1": {
            "0": 0.8840997219085693,
            "1": 0.9719904065132141,
            "2": 0.25218796730041504
        },
        "2": {
            "0": 0.2581976354122162,
            "1": 0.23583707213401794,
            "2": 0.8036075830459595
        }
    }
}