{
    "confidence_score": 0.7086052894592285,
    "ptm": 0.5574072003364563,
    "iptm": 0.48474493622779846,
    "ligand_iptm": 0.0,
    "protein_iptm": 0.48474493622779846,
    "complex_plddt": 0.7645703554153442,
    "complex_iplddt": 0.7752072811126709,
    "complex_pde": 1.2525663375854492,
    "complex_ipde": 6.566703796386719,
    "chains_ptm": {
        "0": 0.978365957736969,
        "1": 0.9785119295120239,
        "2": 0.655308187007904
    },
    "pair_chains_iptm": {
        "0": {
            "0": 0.978365957736969,
            "1": 0.9100112915039062,
            "2": 0.48902246356010437
        },
        "1": {
            "0": 0.9208099842071533,
            "1": 0.9785119295120239,
            "2": 0.4800397455692291
        },
        "2": {
            "0": 0.34846967458724976,
            "1": 0.33377325534820557,
            "2": 0.655308187007904
        }
    }
}