{
    "confidence_score": 0.6778315901756287,
    "ptm": 0.5122870206832886,
    "iptm": 0.32303470373153687,
    "ligand_iptm": 0.0,
    "protein_iptm": 0.32303470373153687,
    "complex_plddt": 0.7665308117866516,
    "complex_iplddt": 0.7850744128227234,
    "complex_pde": 1.512245535850525,
    "complex_ipde": 8.627401351928711,
    "chains_ptm": {
        "0": 0.9767671823501587,
        "1": 0.9769644141197205,
        "2": 0.6322652101516724
    },
    "pair_chains_iptm": {
        "0": {
            "0": 0.9767671823501587,
            "1": 0.8875100612640381,
            "2": 0.2470608353614807
        },
        "1": {
            "0": 0.9028248190879822,
            "1": 0.9769644141197205,
            "2": 0.25080740451812744
        },
        "2": {
            "0": 0.23487983644008636,
            "1": 0.22418345510959625,
            "2": 0.6322652101516724
        }
    }
}