{
    "confidence_score": 0.6822088956832886,
    "ptm": 0.5043841004371643,
    "iptm": 0.3396010994911194,
    "ligand_iptm": 0.0,
    "protein_iptm": 0.3396010994911194,
    "complex_plddt": 0.7678608298301697,
    "complex_iplddt": 0.7881115078926086,
    "complex_pde": 1.430365800857544,
    "complex_ipde": 8.030312538146973,
    "chains_ptm": {
        "0": 0.9838158488273621,
        "1": 0.9808340072631836,
        "2": 0.6215974688529968
    },
    "pair_chains_iptm": {
        "0": {
            "0": 0.9838158488273621,
            "1": 0.9195008277893066,
            "2": 0.2867957651615143
        },
        "1": {
            "0": 0.9238458275794983,
            "1": 0.9808340072631836,
            "2": 0.27545058727264404
        },
        "2": {
            "0": 0.25178754329681396,
            "1": 0.2349099963903427,
            "2": 0.6215974688529968
        }
    }
}