{
    "confidence_score": 0.6865150332450867,
    "ptm": 0.6453279256820679,
    "iptm": 0.4020008146762848,
    "ligand_iptm": 0.0,
    "protein_iptm": 0.4020008146762848,
    "complex_plddt": 0.7576435804367065,
    "complex_iplddt": 0.7763485312461853,
    "complex_pde": 1.0994720458984375,
    "complex_ipde": 7.118109703063965,
    "chains_ptm": {
        "0": 0.976123571395874,
        "1": 0.978963315486908,
        "2": 0.773703932762146
    },
    "pair_chains_iptm": {
        "0": {
            "0": 0.976123571395874,
            "1": 0.8946530222892761,
            "2": 0.3991537094116211
        },
        "1": {
            "0": 0.9046927690505981,
            "1": 0.978963315486908,
            "2": 0.3721051812171936
        },
        "2": {
            "0": 0.32935160398483276,
            "1": 0.3090983033180237,
            "2": 0.773703932762146
        }
    }
}