{
    "confidence_score": 0.7950295805931091,
    "ptm": 0.6835322976112366,
    "iptm": 0.4641043543815613,
    "ligand_iptm": 0.0,
    "protein_iptm": 0.4641043543815613,
    "complex_plddt": 0.8777608275413513,
    "complex_iplddt": 0.8566220998764038,
    "complex_pde": 0.737486720085144,
    "complex_ipde": 7.859996795654297,
    "chains_ptm": {
        "0": 0.9849088788032532,
        "1": 0.9891167283058167,
        "2": 0.8688046932220459
    },
    "pair_chains_iptm": {
        "0": {
            "0": 0.9849088788032532,
            "1": 0.9473884105682373,
            "2": 0.3292868733406067
        },
        "1": {
            "0": 0.9457374215126038,
            "1": 0.9891167283058167,
            "2": 0.3487553000450134
        },
        "2": {
            "0": 0.3171604573726654,
            "1": 0.3494400680065155,
            "2": 0.8688046932220459
        }
    }
}