{
    "confidence_score": 0.7993478178977966,
    "ptm": 0.703339695930481,
    "iptm": 0.4878838062286377,
    "ligand_iptm": 0.0,
    "protein_iptm": 0.4878838062286377,
    "complex_plddt": 0.8772138357162476,
    "complex_iplddt": 0.8456705808639526,
    "complex_pde": 0.7080349326133728,
    "complex_ipde": 7.695671081542969,
    "chains_ptm": {
        "0": 0.98369961977005,
        "1": 0.9890007376670837,
        "2": 0.8776856064796448
    },
    "pair_chains_iptm": {
        "0": {
            "0": 0.98369961977005,
            "1": 0.9455302953720093,
            "2": 0.38831809163093567
        },
        "1": {
            "0": 0.9438584446907043,
            "1": 0.9890007376670837,
            "2": 0.40190497040748596
        },
        "2": {
            "0": 0.34605497121810913,
            "1": 0.3790397346019745,
            "2": 0.8776856064796448
        }
    }
}