{
    "confidence_score": 0.7858166098594666,
    "ptm": 0.6898238658905029,
    "iptm": 0.41695117950439453,
    "ligand_iptm": 0.0,
    "protein_iptm": 0.41695117950439453,
    "complex_plddt": 0.878032922744751,
    "complex_iplddt": 0.8564655184745789,
    "complex_pde": 0.7409761548042297,
    "complex_ipde": 8.740097999572754,
    "chains_ptm": {
        "0": 0.9849929213523865,
        "1": 0.9895305633544922,
        "2": 0.8976640701293945
    },
    "pair_chains_iptm": {
        "0": {
            "0": 0.9849929213523865,
            "1": 0.9463065266609192,
            "2": 0.2894850969314575
        },
        "1": {
            "0": 0.9441969990730286,
            "1": 0.9895305633544922,
            "2": 0.2921954393386841
        },
        "2": {
            "0": 0.2772798240184784,
            "1": 0.2897503077983856,
            "2": 0.8976640701293945
        }
    }
}