{
    "confidence_score": 0.7643402814865112,
    "ptm": 0.6466785073280334,
    "iptm": 0.3480093479156494,
    "ligand_iptm": 0.0,
    "protein_iptm": 0.3480093479156494,
    "complex_plddt": 0.8684229850769043,
    "complex_iplddt": 0.8194539546966553,
    "complex_pde": 0.8007150292396545,
    "complex_ipde": 9.075984954833984,
    "chains_ptm": {
        "0": 0.9805414080619812,
        "1": 0.9873883128166199,
        "2": 0.873130738735199
    },
    "pair_chains_iptm": {
        "0": {
            "0": 0.9805414080619812,
            "1": 0.9294705390930176,
            "2": 0.18951472640037537
        },
        "1": {
            "0": 0.9327976703643799,
            "1": 0.9873883128166199,
            "2": 0.1948641985654831
        },
        "2": {
            "0": 0.19564610719680786,
            "1": 0.21040315926074982,
            "2": 0.873130738735199
        }
    }
}