{
    "confidence_score": 0.7949671149253845,
    "ptm": 0.6940479278564453,
    "iptm": 0.48646700382232666,
    "ligand_iptm": 0.0,
    "protein_iptm": 0.48646700382232666,
    "complex_plddt": 0.8720921277999878,
    "complex_iplddt": 0.8412083387374878,
    "complex_pde": 0.713506281375885,
    "complex_ipde": 7.851899147033691,
    "chains_ptm": {
        "0": 0.9870480298995972,
        "1": 0.9904609322547913,
        "2": 0.877551794052124
    },
    "pair_chains_iptm": {
        "0": {
            "0": 0.9870480298995972,
            "1": 0.9538545608520508,
            "2": 0.3607759177684784
        },
        "1": {
            "0": 0.9518221020698547,
            "1": 0.9904609322547913,
            "2": 0.3751320242881775
        },
        "2": {
            "0": 0.35767775774002075,
            "1": 0.3743412494659424,
            "2": 0.877551794052124
        }
    }
}