{
    "confidence_score": 0.8225294351577759,
    "ptm": 0.7762210965156555,
    "iptm": 0.6081900596618652,
    "ligand_iptm": 0.0,
    "protein_iptm": 0.6081900596618652,
    "complex_plddt": 0.8761141896247864,
    "complex_iplddt": 0.8472184538841248,
    "complex_pde": 0.6117499470710754,
    "complex_ipde": 5.384182453155518,
    "chains_ptm": {
        "0": 0.9852542281150818,
        "1": 0.9896577000617981,
        "2": 0.8939424157142639
    },
    "pair_chains_iptm": {
        "0": {
            "0": 0.9852542281150818,
            "1": 0.9495083689689636,
            "2": 0.5720319151878357
        },
        "1": {
            "0": 0.9511204957962036,
            "1": 0.9896577000617981,
            "2": 0.5855910181999207
        },
        "2": {
            "0": 0.49511221051216125,
            "1": 0.5272138714790344,
            "2": 0.8939424157142639
        }
    }
}