{
    "confidence_score": 0.7998446226119995,
    "ptm": 0.7020325660705566,
    "iptm": 0.4817865490913391,
    "ligand_iptm": 0.0,
    "protein_iptm": 0.4817865490913391,
    "complex_plddt": 0.8793591260910034,
    "complex_iplddt": 0.8586470484733582,
    "complex_pde": 0.6934821605682373,
    "complex_ipde": 7.576333999633789,
    "chains_ptm": {
        "0": 0.9878494739532471,
        "1": 0.9902397394180298,
        "2": 0.8817691206932068
    },
    "pair_chains_iptm": {
        "0": {
            "0": 0.9878494739532471,
            "1": 0.9530550241470337,
            "2": 0.3636013865470886
        },
        "1": {
            "0": 0.950594425201416,
            "1": 0.9902397394180298,
            "2": 0.3833305239677429
        },
        "2": {
            "0": 0.3443639278411865,
            "1": 0.36927860975265503,
            "2": 0.8817691206932068
        }
    }
}