{
    "confidence_score": 0.781153678894043,
    "ptm": 0.6577508449554443,
    "iptm": 0.38325199484825134,
    "ligand_iptm": 0.0,
    "protein_iptm": 0.38325199484825134,
    "complex_plddt": 0.8806291222572327,
    "complex_iplddt": 0.8631929755210876,
    "complex_pde": 0.7735806703567505,
    "complex_ipde": 9.403329849243164,
    "chains_ptm": {
        "0": 0.9850900173187256,
        "1": 0.9895113110542297,
        "2": 0.8737375736236572
    },
    "pair_chains_iptm": {
        "0": {
            "0": 0.9850900173187256,
            "1": 0.9424158334732056,
            "2": 0.2406298816204071
        },
        "1": {
            "0": 0.9425612688064575,
            "1": 0.9895113110542297,
            "2": 0.247911274433136
        },
        "2": {
            "0": 0.23805269598960876,
            "1": 0.24832871556282043,
            "2": 0.8737375736236572
        }
    }
}