{
    "confidence_score": 0.7754117250442505,
    "ptm": 0.6726993918418884,
    "iptm": 0.37033459544181824,
    "ligand_iptm": 0.0,
    "protein_iptm": 0.37033459544181824,
    "complex_plddt": 0.8766809701919556,
    "complex_iplddt": 0.8636347651481628,
    "complex_pde": 0.7914350032806396,
    "complex_ipde": 9.502896308898926,
    "chains_ptm": {
        "0": 0.9820005893707275,
        "1": 0.9872096180915833,
        "2": 0.8912107348442078
    },
    "pair_chains_iptm": {
        "0": {
            "0": 0.9820005893707275,
            "1": 0.9318750500679016,
            "2": 0.22630369663238525
        },
        "1": {
            "0": 0.9286738038063049,
            "1": 0.9872096180915833,
            "2": 0.23250806331634521
        },
        "2": {
            "0": 0.23202063143253326,
            "1": 0.23374351859092712,
            "2": 0.8912107348442078
        }
    }
}