{
    "confidence_score": 0.8048684000968933,
    "ptm": 0.7424677610397339,
    "iptm": 0.5371701121330261,
    "ligand_iptm": 0.0,
    "protein_iptm": 0.5371701121330261,
    "complex_plddt": 0.8717930316925049,
    "complex_iplddt": 0.8302462100982666,
    "complex_pde": 0.665066123008728,
    "complex_ipde": 6.523385047912598,
    "chains_ptm": {
        "0": 0.9873632788658142,
        "1": 0.9901497960090637,
        "2": 0.8923078179359436
    },
    "pair_chains_iptm": {
        "0": {
            "0": 0.9873632788658142,
            "1": 0.9454542398452759,
            "2": 0.47470521926879883
        },
        "1": {
            "0": 0.9457978010177612,
            "1": 0.9901497960090637,
            "2": 0.4598350524902344
        },
        "2": {
            "0": 0.4195740520954132,
            "1": 0.4388447403907776,
            "2": 0.8923078179359436
        }
    }
}