{
    "confidence_score": 0.7814767360687256,
    "ptm": 0.6876077055931091,
    "iptm": 0.433231383562088,
    "ligand_iptm": 0.0,
    "protein_iptm": 0.433231383562088,
    "complex_plddt": 0.8685380816459656,
    "complex_iplddt": 0.8541942834854126,
    "complex_pde": 0.7717276811599731,
    "complex_ipde": 8.519161224365234,
    "chains_ptm": {
        "0": 0.9845346212387085,
        "1": 0.9882192611694336,
        "2": 0.8804498314857483
    },
    "pair_chains_iptm": {
        "0": {
            "0": 0.9845346212387085,
            "1": 0.9388198256492615,
            "2": 0.3008043169975281
        },
        "1": {
            "0": 0.9421128630638123,
            "1": 0.9882192611694336,
            "2": 0.29028892517089844
        },
        "2": {
            "0": 0.3240770697593689,
            "1": 0.31068897247314453,
            "2": 0.8804498314857483
        }
    }
}