{
    "confidence_score": 0.775741696357727,
    "ptm": 0.6819221377372742,
    "iptm": 0.41478627920150757,
    "ligand_iptm": 0.0,
    "protein_iptm": 0.41478627920150757,
    "complex_plddt": 0.8659805059432983,
    "complex_iplddt": 0.8355244398117065,
    "complex_pde": 0.7575836777687073,
    "complex_ipde": 8.276917457580566,
    "chains_ptm": {
        "0": 0.9855748414993286,
        "1": 0.987883448600769,
        "2": 0.8830783367156982
    },
    "pair_chains_iptm": {
        "0": {
            "0": 0.9855748414993286,
            "1": 0.935005247592926,
            "2": 0.25415751338005066
        },
        "1": {
            "0": 0.9369396567344666,
            "1": 0.987883448600769,
            "2": 0.2842837870121002
        },
        "2": {
            "0": 0.26463642716407776,
            "1": 0.29429781436920166,
            "2": 0.8830783367156982
        }
    }
}