{
    "confidence_score": 0.7997358441352844,
    "ptm": 0.6985523104667664,
    "iptm": 0.46683111786842346,
    "ligand_iptm": 0.0,
    "protein_iptm": 0.46683111786842346,
    "complex_plddt": 0.8829619884490967,
    "complex_iplddt": 0.85791015625,
    "complex_pde": 0.7198996543884277,
    "complex_ipde": 8.115525245666504,
    "chains_ptm": {
        "0": 0.9836962223052979,
        "1": 0.9889119267463684,
        "2": 0.8857277035713196
    },
    "pair_chains_iptm": {
        "0": {
            "0": 0.9836962223052979,
            "1": 0.9417017102241516,
            "2": 0.3385462164878845
        },
        "1": {
            "0": 0.9406009316444397,
            "1": 0.9889119267463684,
            "2": 0.35704073309898376
        },
        "2": {
            "0": 0.3204761743545532,
            "1": 0.35437777638435364,
            "2": 0.8857277035713196
        }
    }
}