{
    "confidence_score": 0.804965615272522,
    "ptm": 0.7212071418762207,
    "iptm": 0.5121428370475769,
    "ligand_iptm": 0.0,
    "protein_iptm": 0.5121428370475769,
    "complex_plddt": 0.8781713247299194,
    "complex_iplddt": 0.8556276559829712,
    "complex_pde": 0.6863640546798706,
    "complex_ipde": 7.38679313659668,
    "chains_ptm": {
        "0": 0.9872717261314392,
        "1": 0.991202712059021,
        "2": 0.8908896446228027
    },
    "pair_chains_iptm": {
        "0": {
            "0": 0.9872717261314392,
            "1": 0.9502856135368347,
            "2": 0.40253573656082153
        },
        "1": {
            "0": 0.9509161114692688,
            "1": 0.991202712059021,
            "2": 0.41801053285598755
        },
        "2": {
            "0": 0.38108548521995544,
            "1": 0.40672895312309265,
            "2": 0.8908896446228027
        }
    }
}