{
    "confidence_score": 0.7765927314758301,
    "ptm": 0.6637270450592041,
    "iptm": 0.3740028142929077,
    "ligand_iptm": 0.0,
    "protein_iptm": 0.3740028142929077,
    "complex_plddt": 0.8772402405738831,
    "complex_iplddt": 0.8682670593261719,
    "complex_pde": 0.7932464480400085,
    "complex_ipde": 9.379532814025879,
    "chains_ptm": {
        "0": 0.9837408661842346,
        "1": 0.9882740378379822,
        "2": 0.8778842687606812
    },
    "pair_chains_iptm": {
        "0": {
            "0": 0.9837408661842346,
            "1": 0.9360975027084351,
            "2": 0.2308175414800644
        },
        "1": {
            "0": 0.9346963167190552,
            "1": 0.9882740378379822,
            "2": 0.2427206188440323
        },
        "2": {
            "0": 0.23900969326496124,
            "1": 0.24230223894119263,
            "2": 0.8778842687606812
        }
    }
}