{
    "confidence_score": 0.7689348459243774,
    "ptm": 0.6461831331253052,
    "iptm": 0.3594888746738434,
    "ligand_iptm": 0.0,
    "protein_iptm": 0.3594888746738434,
    "complex_plddt": 0.8712962865829468,
    "complex_iplddt": 0.8469073176383972,
    "complex_pde": 0.8114096522331238,
    "complex_ipde": 10.20138931274414,
    "chains_ptm": {
        "0": 0.9864221215248108,
        "1": 0.9890644550323486,
        "2": 0.8736461997032166
    },
    "pair_chains_iptm": {
        "0": {
            "0": 0.9864221215248108,
            "1": 0.9482181072235107,
            "2": 0.18689413368701935
        },
        "1": {
            "0": 0.9456114172935486,
            "1": 0.9890644550323486,
            "2": 0.19921067357063293
        },
        "2": {
            "0": 0.20639334619045258,
            "1": 0.2192278504371643,
            "2": 0.8736461997032166
        }
    }
}