{
    "confidence_score": 0.8511902093887329,
    "ptm": 0.8776409029960632,
    "iptm": 0.7975592017173767,
    "ligand_iptm": 0.0,
    "protein_iptm": 0.7975592017173767,
    "complex_plddt": 0.8645979762077332,
    "complex_iplddt": 0.8275514841079712,
    "complex_pde": 0.46249163150787354,
    "complex_ipde": 2.3202457427978516,
    "chains_ptm": {
        "0": 0.9912686944007874,
        "1": 0.9930567741394043,
        "2": 0.9158585667610168
    },
    "pair_chains_iptm": {
        "0": {
            "0": 0.9912686944007874,
            "1": 0.9694747924804688,
            "2": 0.7683173418045044
        },
        "1": {
            "0": 0.9707629680633545,
            "1": 0.9930567741394043,
            "2": 0.830353856086731
        },
        "2": {
            "0": 0.7251428365707397,
            "1": 0.7572506666183472,
            "2": 0.9158585667610168
        }
    }
}