{
    "confidence_score": 0.773804783821106,
    "ptm": 0.6649203896522522,
    "iptm": 0.36730411648750305,
    "ligand_iptm": 0.0,
    "protein_iptm": 0.36730411648750305,
    "complex_plddt": 0.8754299283027649,
    "complex_iplddt": 0.8686938285827637,
    "complex_pde": 0.794414758682251,
    "complex_ipde": 9.482322692871094,
    "chains_ptm": {
        "0": 0.9833768010139465,
        "1": 0.9873691201210022,
        "2": 0.8810793161392212
    },
    "pair_chains_iptm": {
        "0": {
            "0": 0.9833768010139465,
            "1": 0.9318254590034485,
            "2": 0.22016428411006927
        },
        "1": {
            "0": 0.929299533367157,
            "1": 0.9873691201210022,
            "2": 0.23676933348178864
        },
        "2": {
            "0": 0.23246175050735474,
            "1": 0.23116286098957062,
            "2": 0.8810793161392212
        }
    }
}