{
    "confidence_score": 0.7910786867141724,
    "ptm": 0.680508553981781,
    "iptm": 0.44982367753982544,
    "ligand_iptm": 0.0,
    "protein_iptm": 0.44982367753982544,
    "complex_plddt": 0.8763924241065979,
    "complex_iplddt": 0.8572884798049927,
    "complex_pde": 0.7563554048538208,
    "complex_ipde": 8.328267097473145,
    "chains_ptm": {
        "0": 0.985398530960083,
        "1": 0.9886148571968079,
        "2": 0.8713805675506592
    },
    "pair_chains_iptm": {
        "0": {
            "0": 0.985398530960083,
            "1": 0.9451428055763245,
            "2": 0.3233831822872162
        },
        "1": {
            "0": 0.9442061185836792,
            "1": 0.9886148571968079,
            "2": 0.3407147526741028
        },
        "2": {
            "0": 0.3061751425266266,
            "1": 0.3320041000843048,
            "2": 0.8713805675506592
        }
    }
}