{
    "confidence_score": 0.8007893562316895,
    "ptm": 0.7188652753829956,
    "iptm": 0.5104721784591675,
    "ligand_iptm": 0.0,
    "protein_iptm": 0.5104721784591675,
    "complex_plddt": 0.8733686208724976,
    "complex_iplddt": 0.8410449028015137,
    "complex_pde": 0.6867085099220276,
    "complex_ipde": 7.232763290405273,
    "chains_ptm": {
        "0": 0.9872872233390808,
        "1": 0.9915559887886047,
        "2": 0.8737544417381287
    },
    "pair_chains_iptm": {
        "0": {
            "0": 0.9872872233390808,
            "1": 0.9526606798171997,
            "2": 0.44936227798461914
        },
        "1": {
            "0": 0.9537854790687561,
            "1": 0.9915559887886047,
            "2": 0.4599308967590332
        },
        "2": {
            "0": 0.3792216181755066,
            "1": 0.40432918071746826,
            "2": 0.8737544417381287
        }
    }
}