{
    "confidence_score": 0.7787393927574158,
    "ptm": 0.700257420539856,
    "iptm": 0.458336740732193,
    "ligand_iptm": 0.0,
    "protein_iptm": 0.458336740732193,
    "complex_plddt": 0.8588399887084961,
    "complex_iplddt": 0.8174585103988647,
    "complex_pde": 0.741468071937561,
    "complex_ipde": 8.165746688842773,
    "chains_ptm": {
        "0": 0.9869492650032043,
        "1": 0.9893659949302673,
        "2": 0.889809250831604
    },
    "pair_chains_iptm": {
        "0": {
            "0": 0.9869492650032043,
            "1": 0.946119487285614,
            "2": 0.3093086779117584
        },
        "1": {
            "0": 0.9425083994865417,
            "1": 0.9893659949302673,
            "2": 0.3205699920654297
        },
        "2": {
            "0": 0.33170953392982483,
            "1": 0.3393835127353668,
            "2": 0.889809250831604
        }
    }
}