{
    "confidence_score": 0.7862300276756287,
    "ptm": 0.6961002945899963,
    "iptm": 0.45818209648132324,
    "ligand_iptm": 0.0,
    "protein_iptm": 0.45818209648132324,
    "complex_plddt": 0.8682420253753662,
    "complex_iplddt": 0.8187804818153381,
    "complex_pde": 0.7408868074417114,
    "complex_ipde": 7.230109214782715,
    "chains_ptm": {
        "0": 0.9843993782997131,
        "1": 0.988832414150238,
        "2": 0.8729208111763
    },
    "pair_chains_iptm": {
        "0": {
            "0": 0.9843993782997131,
            "1": 0.942571759223938,
            "2": 0.3458455801010132
        },
        "1": {
            "0": 0.9439853429794312,
            "1": 0.988832414150238,
            "2": 0.34670430421829224
        },
        "2": {
            "0": 0.32708895206451416,
            "1": 0.3440479338169098,
            "2": 0.8729208111763
        }
    }
}