{
    "confidence_score": 0.8090287446975708,
    "ptm": 0.7352944612503052,
    "iptm": 0.5607861876487732,
    "ligand_iptm": 0.0,
    "protein_iptm": 0.5607861876487732,
    "complex_plddt": 0.8710893392562866,
    "complex_iplddt": 0.8413212895393372,
    "complex_pde": 0.6814593076705933,
    "complex_ipde": 6.437643051147461,
    "chains_ptm": {
        "0": 0.9851976633071899,
        "1": 0.9896674752235413,
        "2": 0.8836548328399658
    },
    "pair_chains_iptm": {
        "0": {
            "0": 0.9851976633071899,
            "1": 0.948884129524231,
            "2": 0.46816009283065796
        },
        "1": {
            "0": 0.9506688117980957,
            "1": 0.9896674752235413,
            "2": 0.4883436858654022
        },
        "2": {
            "0": 0.4398867189884186,
            "1": 0.46822285652160645,
            "2": 0.8836548328399658
        }
    }
}