{
    "confidence_score": 0.7666508555412292,
    "ptm": 0.6527549028396606,
    "iptm": 0.3680438995361328,
    "ligand_iptm": 0.0,
    "protein_iptm": 0.3680438995361328,
    "complex_plddt": 0.8663026094436646,
    "complex_iplddt": 0.8106309771537781,
    "complex_pde": 0.8063409328460693,
    "complex_ipde": 8.607145309448242,
    "chains_ptm": {
        "0": 0.982524573802948,
        "1": 0.9878216981887817,
        "2": 0.8711159825325012
    },
    "pair_chains_iptm": {
        "0": {
            "0": 0.982524573802948,
            "1": 0.9349346160888672,
            "2": 0.21411123871803284
        },
        "1": {
            "0": 0.9376537799835205,
            "1": 0.9878216981887817,
            "2": 0.21352121233940125
        },
        "2": {
            "0": 0.2190682291984558,
            "1": 0.23346950113773346,
            "2": 0.8711159825325012
        }
    }
}