{
    "confidence_score": 0.8100311160087585,
    "ptm": 0.7209516763687134,
    "iptm": 0.5181095004081726,
    "ligand_iptm": 0.0,
    "protein_iptm": 0.5181095004081726,
    "complex_plddt": 0.8830115795135498,
    "complex_iplddt": 0.8633056879043579,
    "complex_pde": 0.6738440990447998,
    "complex_ipde": 6.763288497924805,
    "chains_ptm": {
        "0": 0.9844962358474731,
        "1": 0.9892018437385559,
        "2": 0.8832471370697021
    },
    "pair_chains_iptm": {
        "0": {
            "0": 0.9844962358474731,
            "1": 0.9456273913383484,
            "2": 0.4181705117225647
        },
        "1": {
            "0": 0.9467318058013916,
            "1": 0.9892018437385559,
            "2": 0.44088366627693176
        },
        "2": {
            "0": 0.3817182183265686,
            "1": 0.41680043935775757,
            "2": 0.8832471370697021
        }
    }
}