{
    "confidence_score": 0.8157280087471008,
    "ptm": 0.5000011324882507,
    "iptm": 0.37864041328430176,
    "ligand_iptm": 0.0,
    "protein_iptm": 0.37864041328430176,
    "complex_plddt": 0.9249998331069946,
    "complex_iplddt": 0.9395523071289062,
    "complex_pde": 0.8435503840446472,
    "complex_ipde": 8.459607124328613,
    "chains_ptm": {
        "0": 0.9860134124755859,
        "1": 0.9900596141815186,
        "2": 0.7457112073898315
    },
    "pair_chains_iptm": {
        "0": {
            "0": 0.9860134124755859,
            "1": 0.9440892338752747,
            "2": 0.22928990423679352
        },
        "1": {
            "0": 0.9487577676773071,
            "1": 0.9900596141815186,
            "2": 0.20276668667793274
        },
        "2": {
            "0": 0.18194493651390076,
            "1": 0.17812731862068176,
            "2": 0.7457112073898315
        }
    }
}