{
    "confidence_score": 0.826405942440033,
    "ptm": 0.5524309873580933,
    "iptm": 0.4045315086841583,
    "ligand_iptm": 0.0,
    "protein_iptm": 0.4045315086841583,
    "complex_plddt": 0.9318745136260986,
    "complex_iplddt": 0.9472160935401917,
    "complex_pde": 0.773469090461731,
    "complex_ipde": 8.220335006713867,
    "chains_ptm": {
        "0": 0.9887706637382507,
        "1": 0.9917284250259399,
        "2": 0.8090010285377502
    },
    "pair_chains_iptm": {
        "0": {
            "0": 0.9887706637382507,
            "1": 0.9481834173202515,
            "2": 0.28253263235092163
        },
        "1": {
            "0": 0.951874852180481,
            "1": 0.9917284250259399,
            "2": 0.2601107358932495
        },
        "2": {
            "0": 0.21371828019618988,
            "1": 0.21140412986278534,
            "2": 0.8090010285377502
        }
    }
}