{
    "confidence_score": 0.8257082104682922,
    "ptm": 0.5583357214927673,
    "iptm": 0.40617597103118896,
    "ligand_iptm": 0.0,
    "protein_iptm": 0.40617597103118896,
    "complex_plddt": 0.9305912256240845,
    "complex_iplddt": 0.9485103487968445,
    "complex_pde": 0.7721640467643738,
    "complex_ipde": 8.053333282470703,
    "chains_ptm": {
        "0": 0.9875075817108154,
        "1": 0.9908217191696167,
        "2": 0.8169585466384888
    },
    "pair_chains_iptm": {
        "0": {
            "0": 0.9875075817108154,
            "1": 0.9494106769561768,
            "2": 0.28544288873672485
        },
        "1": {
            "0": 0.9509965181350708,
            "1": 0.9908217191696167,
            "2": 0.26585832238197327
        },
        "2": {
            "0": 0.2186255306005478,
            "1": 0.2154884934425354,
            "2": 0.8169585466384888
        }
    }
}