{
    "confidence_score": 0.8292092680931091,
    "ptm": 0.5557007193565369,
    "iptm": 0.4134623408317566,
    "ligand_iptm": 0.0,
    "protein_iptm": 0.4134623408317566,
    "complex_plddt": 0.9331459999084473,
    "complex_iplddt": 0.9479295015335083,
    "complex_pde": 0.7706383466720581,
    "complex_ipde": 7.983547210693359,
    "chains_ptm": {
        "0": 0.9890596270561218,
        "1": 0.991847813129425,
        "2": 0.8034290671348572
    },
    "pair_chains_iptm": {
        "0": {
            "0": 0.9890596270561218,
            "1": 0.9558376669883728,
            "2": 0.30617719888687134
        },
        "1": {
            "0": 0.9561262726783752,
            "1": 0.991847813129425,
            "2": 0.2820526957511902
        },
        "2": {
            "0": 0.22679170966148376,
            "1": 0.2222895324230194,
            "2": 0.8034290671348572
        }
    }
}