{
    "confidence_score": 0.8501219153404236,
    "ptm": 0.6593199372291565,
    "iptm": 0.5135741233825684,
    "ligand_iptm": 0.0,
    "protein_iptm": 0.5135741233825684,
    "complex_plddt": 0.9342588186264038,
    "complex_iplddt": 0.9495265483856201,
    "complex_pde": 0.6514225602149963,
    "complex_ipde": 6.181334972381592,
    "chains_ptm": {
        "0": 0.9915926456451416,
        "1": 0.9935550093650818,
        "2": 0.8340966701507568
    },
    "pair_chains_iptm": {
        "0": {
            "0": 0.9915926456451416,
            "1": 0.9621765613555908,
            "2": 0.5063096284866333
        },
        "1": {
            "0": 0.963984489440918,
            "1": 0.9935550093650818,
            "2": 0.4862492084503174
        },
        "2": {
            "0": 0.34840816259384155,
            "1": 0.3539605140686035,
            "2": 0.8340966701507568
        }
    }
}