{
    "confidence_score": 0.8207725882530212,
    "ptm": 0.5387071967124939,
    "iptm": 0.39249861240386963,
    "ligand_iptm": 0.0,
    "protein_iptm": 0.39249861240386963,
    "complex_plddt": 0.9278410077095032,
    "complex_iplddt": 0.941834568977356,
    "complex_pde": 0.8017379641532898,
    "complex_ipde": 8.249058723449707,
    "chains_ptm": {
        "0": 0.987409770488739,
        "1": 0.9906169176101685,
        "2": 0.8042165637016296
    },
    "pair_chains_iptm": {
        "0": {
            "0": 0.987409770488739,
            "1": 0.945597767829895,
            "2": 0.24669376015663147
        },
        "1": {
            "0": 0.9484236836433411,
            "1": 0.9906169176101685,
            "2": 0.22793705761432648
        },
        "2": {
            "0": 0.2011527270078659,
            "1": 0.19669024646282196,
            "2": 0.8042165637016296
        }
    }
}