{
    "confidence_score": 0.7946735620498657,
    "ptm": 0.49825409054756165,
    "iptm": 0.38067367672920227,
    "ligand_iptm": 0.0,
    "protein_iptm": 0.38067367672920227,
    "complex_plddt": 0.8981735110282898,
    "complex_iplddt": 0.8809350728988647,
    "complex_pde": 0.8553754091262817,
    "complex_ipde": 9.068666458129883,
    "chains_ptm": {
        "0": 0.9853912591934204,
        "1": 0.9891109466552734,
        "2": 0.7579746842384338
    },
    "pair_chains_iptm": {
        "0": {
            "0": 0.9853912591934204,
            "1": 0.9496797919273376,
            "2": 0.18966078758239746
        },
        "1": {
            "0": 0.9495198726654053,
            "1": 0.9891109466552734,
            "2": 0.17426948249340057
        },
        "2": {
            "0": 0.1775493323802948,
            "1": 0.18136321008205414,
            "2": 0.7579746842384338
        }
    }
}