{
    "confidence_score": 0.8240273594856262,
    "ptm": 0.5411404967308044,
    "iptm": 0.39499372243881226,
    "ligand_iptm": 0.0,
    "protein_iptm": 0.39499372243881226,
    "complex_plddt": 0.9312857985496521,
    "complex_iplddt": 0.9453844428062439,
    "complex_pde": 0.7877453565597534,
    "complex_ipde": 8.411785125732422,
    "chains_ptm": {
        "0": 0.988360583782196,
        "1": 0.9912288784980774,
        "2": 0.7972376942634583
    },
    "pair_chains_iptm": {
        "0": {
            "0": 0.988360583782196,
            "1": 0.947088897228241,
            "2": 0.26588258147239685
        },
        "1": {
            "0": 0.952165424823761,
            "1": 0.9912288784980774,
            "2": 0.24326208233833313
        },
        "2": {
            "0": 0.2010035663843155,
            "1": 0.19970357418060303,
            "2": 0.7972376942634583
        }
    }
}