{
    "confidence_score": 0.8387640118598938,
    "ptm": 0.5889499187469482,
    "iptm": 0.4630918502807617,
    "ligand_iptm": 0.0,
    "protein_iptm": 0.4630918502807617,
    "complex_plddt": 0.9326820969581604,
    "complex_iplddt": 0.9558404684066772,
    "complex_pde": 0.7462215423583984,
    "complex_ipde": 6.7743964195251465,
    "chains_ptm": {
        "0": 0.9881636500358582,
        "1": 0.9911090731620789,
        "2": 0.787035346031189
    },
    "pair_chains_iptm": {
        "0": {
            "0": 0.9881636500358582,
            "1": 0.9532631635665894,
            "2": 0.4140881896018982
        },
        "1": {
            "0": 0.9555556178092957,
            "1": 0.9911090731620789,
            "2": 0.40167027711868286
        },
        "2": {
            "0": 0.2905724048614502,
            "1": 0.29123467206954956,
            "2": 0.787035346031189
        }
    }
}