{
    "confidence_score": 0.8325802087783813,
    "ptm": 0.5577933192253113,
    "iptm": 0.4247362017631531,
    "ligand_iptm": 0.0,
    "protein_iptm": 0.4247362017631531,
    "complex_plddt": 0.9345411658287048,
    "complex_iplddt": 0.953694224357605,
    "complex_pde": 0.757473886013031,
    "complex_ipde": 7.595901012420654,
    "chains_ptm": {
        "0": 0.9859541654586792,
        "1": 0.9902966022491455,
        "2": 0.8002997636795044
    },
    "pair_chains_iptm": {
        "0": {
            "0": 0.9859541654586792,
            "1": 0.9478919506072998,
            "2": 0.3218802511692047
        },
        "1": {
            "0": 0.9490940570831299,
            "1": 0.9902966022491455,
            "2": 0.31001803278923035
        },
        "2": {
            "0": 0.24138213694095612,
            "1": 0.24079549312591553,
            "2": 0.8002997636795044
        }
    }
}