{
    "confidence_score": 0.8251571655273438,
    "ptm": 0.5638255476951599,
    "iptm": 0.40548452734947205,
    "ligand_iptm": 0.0,
    "protein_iptm": 0.40548452734947205,
    "complex_plddt": 0.9300753474235535,
    "complex_iplddt": 0.9445834159851074,
    "complex_pde": 0.7526866793632507,
    "complex_ipde": 7.858702659606934,
    "chains_ptm": {
        "0": 0.986780047416687,
        "1": 0.9905240535736084,
        "2": 0.8219411373138428
    },
    "pair_chains_iptm": {
        "0": {
            "0": 0.986780047416687,
            "1": 0.947149395942688,
            "2": 0.2933571934700012
        },
        "1": {
            "0": 0.9487766027450562,
            "1": 0.9905240535736084,
            "2": 0.26922911405563354
        },
        "2": {
            "0": 0.21564868092536926,
            "1": 0.21446703374385834,
            "2": 0.8219411373138428
        }
    }
}