{
    "confidence_score": 0.8300209045410156,
    "ptm": 0.5761387348175049,
    "iptm": 0.4229173958301544,
    "ligand_iptm": 0.0,
    "protein_iptm": 0.4229173958301544,
    "complex_plddt": 0.9317967891693115,
    "complex_iplddt": 0.949748158454895,
    "complex_pde": 0.7480469346046448,
    "complex_ipde": 7.709527492523193,
    "chains_ptm": {
        "0": 0.987516462802887,
        "1": 0.9913545846939087,
        "2": 0.8153935670852661
    },
    "pair_chains_iptm": {
        "0": {
            "0": 0.987516462802887,
            "1": 0.9470653533935547,
            "2": 0.3357578217983246
        },
        "1": {
            "0": 0.9507285952568054,
            "1": 0.9913545846939087,
            "2": 0.3176615834236145
        },
        "2": {
            "0": 0.23772913217544556,
            "1": 0.2378334254026413,
            "2": 0.8153935670852661
        }
    }
}