{
    "confidence_score": 0.9056913256645203,
    "ptm": 0.7555246353149414,
    "iptm": 0.780132532119751,
    "ligand_iptm": 0.0,
    "protein_iptm": 0.780132532119751,
    "complex_plddt": 0.9370810389518738,
    "complex_iplddt": 0.9534784555435181,
    "complex_pde": 0.5249517560005188,
    "complex_ipde": 3.005965232849121,
    "chains_ptm": {
        "0": 0.9891937375068665,
        "1": 0.9920270442962646,
        "2": 0.7982303500175476
    },
    "pair_chains_iptm": {
        "0": {
            "0": 0.9891937375068665,
            "1": 0.9638985395431519,
            "2": 0.788766622543335
        },
        "1": {
            "0": 0.9652723073959351,
            "1": 0.9920270442962646,
            "2": 0.7789673209190369
        },
        "2": {
            "0": 0.5679900646209717,
            "1": 0.5803923606872559,
            "2": 0.7982303500175476
        }
    }
}