{
    "confidence_score": 0.8200168013572693,
    "ptm": 0.5489192605018616,
    "iptm": 0.38971343636512756,
    "ligand_iptm": 0.0,
    "protein_iptm": 0.38971343636512756,
    "complex_plddt": 0.9275926351547241,
    "complex_iplddt": 0.942052960395813,
    "complex_pde": 0.7798370718955994,
    "complex_ipde": 8.196276664733887,
    "chains_ptm": {
        "0": 0.9864267706871033,
        "1": 0.990243673324585,
        "2": 0.817967414855957
    },
    "pair_chains_iptm": {
        "0": {
            "0": 0.9864267706871033,
            "1": 0.9473217129707336,
            "2": 0.25404515862464905
        },
        "1": {
            "0": 0.9493558406829834,
            "1": 0.990243673324585,
            "2": 0.2303740233182907
        },
        "2": {
            "0": 0.19626939296722412,
            "1": 0.19345900416374207,
            "2": 0.817967414855957
        }
    }
}