{
    "confidence_score": 0.9067614674568176,
    "ptm": 0.7641406059265137,
    "iptm": 0.7779010534286499,
    "ligand_iptm": 0.0,
    "protein_iptm": 0.7779010534286499,
    "complex_plddt": 0.938976526260376,
    "complex_iplddt": 0.9606263637542725,
    "complex_pde": 0.5197782516479492,
    "complex_ipde": 2.9728076457977295,
    "chains_ptm": {
        "0": 0.9907630681991577,
        "1": 0.9926509261131287,
        "2": 0.8191218376159668
    },
    "pair_chains_iptm": {
        "0": {
            "0": 0.9907630681991577,
            "1": 0.9676814675331116,
            "2": 0.7851669788360596
        },
        "1": {
            "0": 0.9689357876777649,
            "1": 0.9926509261131287,
            "2": 0.7738916277885437
        },
        "2": {
            "0": 0.5641424655914307,
            "1": 0.5775848031044006,
            "2": 0.8191218376159668
        }
    }
}