{
    "confidence_score": 0.8924703001976013,
    "ptm": 0.745143473148346,
    "iptm": 0.728869616985321,
    "ligand_iptm": 0.0,
    "protein_iptm": 0.728869616985321,
    "complex_plddt": 0.9333704710006714,
    "complex_iplddt": 0.9553301334381104,
    "complex_pde": 0.5588024854660034,
    "complex_ipde": 3.562873601913452,
    "chains_ptm": {
        "0": 0.990114152431488,
        "1": 0.9924522638320923,
        "2": 0.8217633366584778
    },
    "pair_chains_iptm": {
        "0": {
            "0": 0.990114152431488,
            "1": 0.9653160572052002,
            "2": 0.7358414530754089
        },
        "1": {
            "0": 0.9668375253677368,
            "1": 0.9924522638320923,
            "2": 0.7265644669532776
        },
        "2": {
            "0": 0.529284656047821,
            "1": 0.5407535433769226,
            "2": 0.8217633366584778
        }
    }
}