{
    "confidence_score": 0.8233672976493835,
    "ptm": 0.5294250249862671,
    "iptm": 0.3779674172401428,
    "ligand_iptm": 0.0,
    "protein_iptm": 0.3779674172401428,
    "complex_plddt": 0.9347172975540161,
    "complex_iplddt": 0.9469432234764099,
    "complex_pde": 0.8195424675941467,
    "complex_ipde": 8.74061393737793,
    "chains_ptm": {
        "0": 0.9863221049308777,
        "1": 0.9901744723320007,
        "2": 0.7979816794395447
    },
    "pair_chains_iptm": {
        "0": {
            "0": 0.9863221049308777,
            "1": 0.9441934823989868,
            "2": 0.22803395986557007
        },
        "1": {
            "0": 0.9464409947395325,
            "1": 0.9901744723320007,
            "2": 0.20624898374080658
        },
        "2": {
            "0": 0.18117444217205048,
            "1": 0.17716564238071442,
            "2": 0.7979816794395447
        }
    }
}