{
    "confidence_score": 0.8239644169807434,
    "ptm": 0.5553678870201111,
    "iptm": 0.39860185980796814,
    "ligand_iptm": 0.0,
    "protein_iptm": 0.39860185980796814,
    "complex_plddt": 0.930305004119873,
    "complex_iplddt": 0.9485040307044983,
    "complex_pde": 0.8068602681159973,
    "complex_ipde": 8.26640510559082,
    "chains_ptm": {
        "0": 0.9865357279777527,
        "1": 0.990195631980896,
        "2": 0.8158056735992432
    },
    "pair_chains_iptm": {
        "0": {
            "0": 0.9865357279777527,
            "1": 0.9471069574356079,
            "2": 0.27364495396614075
        },
        "1": {
            "0": 0.9494722485542297,
            "1": 0.990195631980896,
            "2": 0.2588987350463867
        },
        "2": {
            "0": 0.20840339362621307,
            "1": 0.2048105150461197,
            "2": 0.8158056735992432
        }
    }
}