{
    "confidence_score": 0.8206049203872681,
    "ptm": 0.5313283801078796,
    "iptm": 0.390738308429718,
    "ligand_iptm": 0.0,
    "protein_iptm": 0.390738308429718,
    "complex_plddt": 0.9280715584754944,
    "complex_iplddt": 0.9452064037322998,
    "complex_pde": 0.8225144743919373,
    "complex_ipde": 8.329718589782715,
    "chains_ptm": {
        "0": 0.9865052700042725,
        "1": 0.9900571703910828,
        "2": 0.7906182408332825
    },
    "pair_chains_iptm": {
        "0": {
            "0": 0.9865052700042725,
            "1": 0.9482821226119995,
            "2": 0.25531724095344543
        },
        "1": {
            "0": 0.9512331485748291,
            "1": 0.9900571703910828,
            "2": 0.23481744527816772
        },
        "2": {
            "0": 0.19828251004219055,
            "1": 0.19396205246448517,
            "2": 0.7906182408332825
        }
    }
}