{
    "confidence_score": 0.825318455696106,
    "ptm": 0.5439345240592957,
    "iptm": 0.39847609400749207,
    "ligand_iptm": 0.0,
    "protein_iptm": 0.39847609400749207,
    "complex_plddt": 0.9320290088653564,
    "complex_iplddt": 0.9468738436698914,
    "complex_pde": 0.7722957730293274,
    "complex_ipde": 7.838997840881348,
    "chains_ptm": {
        "0": 0.9873112440109253,
        "1": 0.9904400706291199,
        "2": 0.8038275241851807
    },
    "pair_chains_iptm": {
        "0": {
            "0": 0.9873112440109253,
            "1": 0.948114812374115,
            "2": 0.27210021018981934
        },
        "1": {
            "0": 0.9497392177581787,
            "1": 0.9904400706291199,
            "2": 0.24760612845420837
        },
        "2": {
            "0": 0.20788511633872986,
            "1": 0.20329074561595917,
            "2": 0.8038275241851807
        }
    }
}