{
    "confidence_score": 0.8185688853263855,
    "ptm": 0.5334579944610596,
    "iptm": 0.38519540429115295,
    "ligand_iptm": 0.0,
    "protein_iptm": 0.38519540429115295,
    "complex_plddt": 0.926912248134613,
    "complex_iplddt": 0.9418007731437683,
    "complex_pde": 0.8008676767349243,
    "complex_ipde": 8.462332725524902,
    "chains_ptm": {
        "0": 0.9876317381858826,
        "1": 0.9907033443450928,
        "2": 0.7970641851425171
    },
    "pair_chains_iptm": {
        "0": {
            "0": 0.9876317381858826,
            "1": 0.946837306022644,
            "2": 0.24598413705825806
        },
        "1": {
            "0": 0.9516462087631226,
            "1": 0.9907033443450928,
            "2": 0.22249282896518707
        },
        "2": {
            "0": 0.19034045934677124,
            "1": 0.18539844453334808,
            "2": 0.7970641851425171
        }
    }
}