{
    "confidence_score": 0.8268144726753235,
    "ptm": 0.543036937713623,
    "iptm": 0.4090805947780609,
    "ligand_iptm": 0.0,
    "protein_iptm": 0.4090805947780609,
    "complex_plddt": 0.9312479496002197,
    "complex_iplddt": 0.9469403624534607,
    "complex_pde": 0.775810718536377,
    "complex_ipde": 8.180221557617188,
    "chains_ptm": {
        "0": 0.9890079498291016,
        "1": 0.9913294315338135,
        "2": 0.7879188656806946
    },
    "pair_chains_iptm": {
        "0": {
            "0": 0.9890079498291016,
            "1": 0.953993558883667,
            "2": 0.29350486397743225
        },
        "1": {
            "0": 0.9540598392486572,
            "1": 0.9913294315338135,
            "2": 0.27052491903305054
        },
        "2": {
            "0": 0.2199346125125885,
            "1": 0.2163214236497879,
            "2": 0.7879188656806946
        }
    }
}