{
    "confidence_score": 0.8280582427978516,
    "ptm": 0.5269641876220703,
    "iptm": 0.37154924869537354,
    "ligand_iptm": 0.0,
    "protein_iptm": 0.37154924869537354,
    "complex_plddt": 0.9421854615211487,
    "complex_iplddt": 0.9535529613494873,
    "complex_pde": 0.8160821199417114,
    "complex_ipde": 8.675113677978516,
    "chains_ptm": {
        "0": 0.9852319955825806,
        "1": 0.9893398880958557,
        "2": 0.8088359236717224
    },
    "pair_chains_iptm": {
        "0": {
            "0": 0.9852319955825806,
            "1": 0.941582202911377,
            "2": 0.18872740864753723
        },
        "1": {
            "0": 0.9449031352996826,
            "1": 0.9893398880958557,
            "2": 0.17628887295722961
        },
        "2": {
            "0": 0.17013321816921234,
            "1": 0.1678089052438736,
            "2": 0.8088359236717224
        }
    }
}