{
    "confidence_score": 0.9024993181228638,
    "ptm": 0.8000349402427673,
    "iptm": 0.8138889074325562,
    "ligand_iptm": 0.0,
    "protein_iptm": 0.8138889074325562,
    "complex_plddt": 0.9246519207954407,
    "complex_iplddt": 0.9357884526252747,
    "complex_pde": 0.4832286834716797,
    "complex_ipde": 2.4672961235046387,
    "chains_ptm": {
        "0": 0.9907868504524231,
        "1": 0.992991030216217,
        "2": 0.8395842909812927
    },
    "pair_chains_iptm": {
        "0": {
            "0": 0.9907868504524231,
            "1": 0.9703196883201599,
            "2": 0.8120121359825134
        },
        "1": {
            "0": 0.9710513949394226,
            "1": 0.992991030216217,
            "2": 0.8166946172714233
        },
        "2": {
            "0": 0.6531599164009094,
            "1": 0.6753114461898804,
            "2": 0.8395842909812927
        }
    }
}