{
    "confidence_score": 0.9085046052932739,
    "ptm": 0.7651390433311462,
    "iptm": 0.7952244281768799,
    "ligand_iptm": 0.0,
    "protein_iptm": 0.7952244281768799,
    "complex_plddt": 0.93682461977005,
    "complex_iplddt": 0.95599764585495,
    "complex_pde": 0.5080639123916626,
    "complex_ipde": 2.794560670852661,
    "chains_ptm": {
        "0": 0.9901823997497559,
        "1": 0.9919989109039307,
        "2": 0.8080498576164246
    },
    "pair_chains_iptm": {
        "0": {
            "0": 0.9901823997497559,
            "1": 0.9664379358291626,
            "2": 0.8016090989112854
        },
        "1": {
            "0": 0.9666121602058411,
            "1": 0.9919989109039307,
            "2": 0.7945414185523987
        },
        "2": {
            "0": 0.5842884182929993,
            "1": 0.5961667895317078,
            "2": 0.8080498576164246
        }
    }
}